Site,Year,Month,Generation_kWh,Rainfall_mm,Average_Plant_Factor
BBO,2002,5,29760,2,39.16
BBO,2002,6,1173440,460.5,51.46666667
BBO,2002,7,1055200,0,44.78709677
BBO,2002,8,1179880,635.41,50.07935484
BBO,2002,9,332800,137.7,14.59
BBO,2002,10,897760,833.3,38.10580645
BBO,2002,11,1179400,520,51.72866667
BBO,2002,12,1225520,761.4,52.01677419
BBO,2003,1,912880,665.4,38.74677419
BBO,2003,2,479680,310.3,22.54071429
BBO,2003,3,1234560,847.4,52.4016129
BBO,2003,4,1497160,510.7,65.66533333
BBO,2003,5,945760,1580.6,40.14225806
BBO,2003,6,438920,449.7,19.25066667
BBO,2003,7,1270360,596.7,53.92064516
BBO,2003,8,1291360,541.4,54.8116129
BBO,2003,9,1132320,612.1,49.66333333
BBO,2003,10,1180320,434,50.09806452
BBO,2003,11,1351200,689.7,59.263
BBO,2003,12,706000,237.6,29.96516129
BBO,2004,1,517280,249,21.95483871
BBO,2004,2,393280,275.5,17.84517241
BBO,2004,3,498800,305,21.17032258
BBO,2004,4,1333120,1331.8,60.48586207
BBO,2004,5,1420640,1308.5,60.2983871
BBO,2004,6,1716480,809.7,75.28433333
BBO,2004,7,1407200,725.17,59.72903226
BBO,2004,8,697920,386.9,29.62290323
BBO,2004,9,1315040,1066.1,57.67566667
BBO,2004,10,1649440,884.6,70.01032258
BBO,2004,11,1220000,739.8,53.50866667
BBO,2004,12,1299360,761.95,55.15129032
BBO,2005,1,577920,302.3,24.53064516
BBO,2005,2,523400,337.1,24.59678571
BBO,2005,3,675680,778.8,29.635
BBO,2005,4,1162240,618.6,50.97466667
BBO,2005,5,607840,396.5,25.79935484
BBO,2005,6,983240,661,43.12466667
BBO,2005,7,993640,719,42.17548387
BBO,2005,8,662560,399,28.12193548
BBO,2005,9,1392640,814,61.082
BBO,2005,10,1331681,1321.4,56.52290323
BBO,2005,11,1872760,1042.5,82.138
BBO,2005,12,1124480,341.2,47.72806452
BBO,2006,1,1020640,636.1,43.32
BBO,2006,2,581760,372.3,27.33821429
BBO,2006,3,835680,882.9,35.46967742
BBO,2006,4,729760,547.5,32.00733333
BBO,2006,5,1000970,1016,42.48516129
BBO,2006,6,1078720,765.8,47.312
BBO,2006,7,897120,388.8,38.07806452
BBO,2006,8,1326080,976.1,56.28645161
BBO,2006,9,904480,468,39.67
BBO,2006,10,1024160,1124.7,43.47096774
BBO,2006,11,792480,1136.5,34.75866667
BBO,2006,12,1084320,408.8,46.02322581
BBO,2007,1,378400,133.9,16.06096774
BBO,2007,2,211200,238.9,9.925357143
BBO,2007,3,204160,284.5,8.665806452
BBO,2007,4,881280,922.5,38.652
BBO,2007,5,869280,596.5,36.89645161
BBO,2007,6,688800,679,30.21133333
BBO,2007,7,754720,462.9,32.03419355
BBO,2007,8,608160,970.5,26.674
BBO,2007,9,1817030,1133.4,79.693
BBO,2007,10,1992640,1354.9,84.57677419
BBO,2007,11,1299680,703.6,57.004
BBO,2007,12,711810,374.7,31.22033333
BBO,2008,1,556640,404.3,23.62677419
BBO,2008,2,741970,540.8,33.66551724
BBO,2008,3,1124480,947.5,49.319
BBO,2008,4,1033936,1078.2,48.58714286
BBO,2008,5,875680,602.4,37.16774194
BBO,2008,6,1084640,663.4,49.21344828
BBO,2008,7,936640,902.4,39.75612903
BBO,2008,8,688370,436.5,29.21774194
BBO,2008,9,679183,261.7,30.81551724
BBO,2008,10,1411997,1225.7,59.93193548
BBO,2008,11,1100169,771.7,48.22966667
BBO,2008,12,1256663,383.5,53.33870968
BBO,2009,1,278934,66.7,11.84
BBO,2009,2,136176,74.7,6.399285714
BBO,2009,3,549592,511.2,23.32645161
BBO,2009,4,999444,621.1,43.83466667
BBO,2009,5,990137,1120,42.02677419
BBO,2009,6,1949198,1071.4,85.49133333
BBO,2009,7,1051776,353.5,44.64193548
BBO,2009,8,915791,599.4,38.87129032
BBO,2009,9,1344441,876.6,58.96766667
BBO,2009,10,1554168,824.5,65.96612903
BBO,2009,11,1770666,971.6,77.66066667
BBO,2009,12,1395661,588,59.23935484
BBO,2010,1,575122,233.7,24.41064516
BBO,2010,2,434722,171.4,20.42821429
BBO,2010,3,235296,174.7,9.988064516
BBO,2010,4,825969,812.9,36.22733333
BBO,2010,5,1699038,1231.7,72.11645161
BBO,2010,6,1684857,1056.6,73.84966667
BBO,2010,7,1679378,799.5,70.53806452
BBO,2010,8,1207535,745.1,50.71677419
BBO,2010,9,1095986,614.2,47.57166667
BBO,2010,10,1349911,579.2,56.69806452
BBO,2010,11,1427811,1345.3,61.97066667
BBO,2010,12,1715013,682,72.03451613
BBO,2011,1,793553,395.9,33.33193548
BBO,2011,2,690006,279.5,32.09
BBO,2011,3,644265,439.6,27.05774194
BBO,2011,4,940370,877.86,40.81533333
BBO,2011,5,1181090,1079.8,49.60645161
BBO,2011,6,1134922,410.7,49.25666667
BBO,2011,7,594000,569,24.94935484
BBO,2011,8,682492,730.3,28.66677419
BBO,2011,9,1096443,931.73,47.589
BBO,2011,10,1034975,834.42,43.47193548
BBO,2011,11,1280473,629.6,55.57666667
BBO,2011,12,1034808,313,43.46419355
BBO,2012,1,324555,121.6,13.63225806
BBO,2012,2,385930,253.7,17.32413793
BBO,2012,3,437686,394.3,18.38354839
BBO,2012,4,1040387,318.2,45.155
BBO,2012,5,339542,204.8,14.26193548
BBO,2012,6,615568,458.3,26.71733333
BBO,2012,7,890901,589.5,37.42096774
BBO,2012,8,697104,403.4,29.27967742
BBO,2012,9,902743,442.9,39.182
BBO,2012,10,1314592,1378.72,55.21709677
BBO,2012,11,1914574,1242.6,83.09733333
BBO,2012,12,1161384,499.7,48.7816129
BBO,2013,1,885728,327.2,37.20290323
BBO,2013,2,546136,296,25.3975
BBO,2013,3,1030939,804,43.30129032
BBO,2013,4,800277,513.5,34.735
BBO,2013,5,1358557,1080.5,57.06387097
BBO,2013,6,1959322,1656.8,85.039
BBO,2013,7,1881192,854,79.01451613
BBO,2013,8,934413,352.3,39.24806452
BBO,2013,9,1522305,1157.5,66.07233333
BBO,2013,10,1006287,817.5,42.26580645
BBO,2013,11,1619908,930.2,70.308
BBO,2013,12,793593,222.6,33.33290323
BBO,2014,1,561462,606.8,23.58354839
BBO,2014,2,223435,144.4,10.39
BBO,2014,3,240386,149.3,10.09677419
BBO,2014,4,539768,752.9,23.42833333
BBO,2014,5,598877,450.5,25.15387097
BBO,2014,6,1349496,1510.6,58.57233333
BBO,2014,7,1020338,479.8,42.85645161
BBO,2014,8,1157891,721.4,48.63483871
BBO,2014,9,1072280,778.74,46.53966667
BBO,2014,10,1828790,1284,76.81387097
BBO,2014,11,1460889,713.5,63.40666667
BBO,2014,12,1527099,936.5,64.14129032
BBO,2015,1,574561,273.8,24.13354839
BBO,2015,2,537279,378.6,24.98535714
BBO,2015,3,533158,365.4,22.39451613
BBO,2015,4,1031441,921.1,44.76866667
BBO,2015,5,1190643,818,50.01032258
BBO,2015,6,938731,529.1,40.744
BBO,2015,7,957247,519.4,40.20580645
BBO,2015,8,974087,783.1,40.91387097
BBO,2015,9,1467491,896.2,63.69333333
BBO,2015,10,1838732,1512.6,77.23193548
BBO,2015,11,1482837,831.4,64.359
BBO,2015,12,984993,585.8,41.37258065
BBO,2016,1,556243,282.1,23.36387097
BBO,2016,2,241631,167,10.84931034
BBO,2016,3,211305,312.9,8.87483871
BBO,2016,4,491970,1031.4,21.35266667
BBO,2016,5,1617817,2922.2,67.95193548
BBO,2016,6,1561335,785.7,67.76633333
BBO,2016,7,499602,507.7,20.98451613
BBO,2016,8,418652,578.8,17.58419355
BBO,2016,9,323976,427.9,14.061
BBO,2016,10,488506,1036.9,20.51806452
BBO,2016,11,1349299,1200.7,58.56333333
BBO,2016,12,370867,317.9,15.57677419
BBO,2017,1,261247,563.6,10.97258065
BBO,2017,2,119393,242.6,5.551785714
BBO,2017,3,340383,93,14.29677419
BBO,2017,4,472015,650.65,20.48633333
BBO,2017,5,777733,2458.71,32.66677419
BBO,2017,6,1490791,978.21,64.705
BBO,2017,7,615157,539.89,25.83806452
BBO,2017,8,1494182,905,62.75967742
BBO,2017,9,1712843,1024.6,74.342
BBO,2017,10,1596066,931.8,67.03903226
BBO,2017,11,1070394,722.27,46.45866667
BBO,2017,12,1336583,636.8,56.14
BBO,2018,1,384732,56.24,16.15967742
BBO,2018,2,266386,376,12.38857143
BBO,2018,3,574032,609.5,24.11064516
BBO,2018,4,1044514,1010.3,45.33433333
BBO,2018,5,1686425,1554,70.83387097
BBO,2018,6,2158934,1409.8,93.704
BBO,2018,7,1143920,508.6,48.0483871
BBO,2018,8,1324171,540.3,55.61870968
BBO,2018,9,583131,541.4,25.31
BBO,2018,10,1462105,1186.3,61.41290323
BBO,2018,11,922623,270.42,40.04433333
BBO,2018,12,600330,185.5,25.21548387
BBO,2019,1,251388,57.9,10.56
BBO,2019,2,535402,245.6,24.8975
BBO,2019,3,350396,59.5,14.71774194
BBO,2019,4,420196,768,18.23766667
BBO,2019,5,386887,142.5,16.25064516
BBO,2019,6,1095697,681.6,47.556
BBO,2019,7,885770,450.96,37.20516129
BBO,2019,8,1388036,745.64,58.30096774
BBO,2019,9,1702348,653.8,73.88633333
BBO,2019,10,2059433,687.8,86.5016129
BBO,2019,11,1586897,600,68.87533333
BBO,2019,12,1443110,177,60.61516129
BBO,2020,1,454529,155.66,19.09129032
BBO,2020,2,128099,25.4,5.75137931
BBO,2020,3,139262,35,5.849032258
BBO,2020,4,468209,411.59,20.32133333
BBO,2020,5,580385,1761.78,24.37741935
BBO,2020,6,922237,597.2,40.028
BBO,2020,7,879419,405.49,36.93806452
BBO,2020,8,1097218,561.14,46.08612903
BBO,2020,9,1496800,1547.08,64.96466667
BBO,2020,10,1199286,979.9,50.37354839
BBO,2020,11,1426708,842.91,61.92266667
BBO,2020,12,935124,1806.04,39.2783871
BBO,2021,1,883400,323.83,37.07612903
BBO,2021,2,644542,479.3,29.9725
BBO,2021,3,776270,311.76,32.60612903
BBO,2021,4,1131790,1402.19,49.12333333
BBO,2021,5,1859142,2347.3,78.09
BBO,2021,6,1534332,1599.3,66.59366667
BBO,2021,7,1450331,1024.82,60.9183871
BBO,2021,8,1431891,1308.83,60.14258065
BBO,2021,9,1487949,1405.13,64.58133333
BBO,2021,10,1896910,1755.94,79.67580645
BBO,2021,11,1781636,1128.64,77.32766667
BBO,2021,12,1095788,220.84,46.02516129
BBO,2022,1,659398,294.82,27.69741935
BBO,2022,2,365370,397.91,16.99035714
BBO,2022,3,354067,630.57,14.87225806
BBO,2022,4,1098778,315.59,47.69033333
BBO,2022,5,1839433,2619.16,77.26064516
BBO,2022,6,1303320,972.6,56.56766667
BBO,2022,7,1128424,933.58,47.39709677
BBO,2022,8,809204,1040.61,33.98870968
BBO,2022,9,1007336,600.8,43.72066667
BBO,2022,10,1913605,2238.43,80.37645161
BBO,2022,11,1244388,750.7,54.00866667
BBO,2022,12,911485,662.46,38.28451613
BBO,2023,1,639037,394.51,26.84193548
BBO,2023,2,406203,690.07,18.89071429
BBO,2023,3,790920,797.94,33.22032258
BBO,2023,4,851660,955.81,36.965
BBO,2023,5,1153539,1093.29,48.4516129
BBO,2023,6,1319320,1098.78,57.26166667
BBO,2023,7,1089247,591.48,45.7516129
BBO,2023,8,253202,181.28,10.63548387
BBO,2023,9,1852400,2134.21,80.39933333
BBO,2023,10,2157683,1112.5,90.62903226
BBO,2023,11,2116600,1134.17,91.86633333
BBO,2023,12,1754700,1402.82,73.70193548
BBO,2024,1,1063000,893.4,44.6483871
BBO,2024,2,594300,694.4,26.68413793
BBO,2024,3,284144,581,11.93451613
BBO,2024,4,811600,791.7,35.22566667
BBO,2024,5,1220400,2196.3,51.2616129
BBO,2024,6,1740600,1296.5,75.54733333
BBO,2024,7,1164200,1104.9,48.89935484
BBO,2024,8,1134500,1118.6,47.6516129
BBO,2024,9,1481400,1116.4,64.29733333
BBO,2024,10,1243200,1349.8,52.21806452
BBO,2024,11,1738200,1772.4,75.44233333
BBO,2024,12,890200,677.2,37.39129032
BBO,2025,1,678100,555.6,28.48193548
BBO,2025,2,210500,135,9.788571429
BBO,2025,3,429000,1179.4,18.02
BBO,2025,4,726800,485.6,31.545
BBO,2025,5,1414600,1822.7,59.41741935
BBO,2025,6,1572940,1231.5,68.26966667
BBO,2025,7,922780,664,38.75903226
BBO,2025,8,816210,603.8,34.28419355
BBO,2025,9,873560,1035.2,37.915
BBO,2025,10,1287310,1317,54.0716129
BBO,2025,11,1469500,2000.2,63.78066667
BBO,2025,12,1253900,682.2,52.66774194
BBO,2026,1,265700,55,11.15935484
BBO,2026,2,314700,477,14.635
BBO,2026,3,209700,266,8.808709677
BBO,2026,4,547200,741,23.75033333
BBO,2026,5,1522700,1440.2,63.95677419
BBO,2026,6,1420600,798.4,61.659
BBO,2026,7,622700,297,26.15451613
BBO,2026,8,1732300,1338.3,72.7616129
BBO,2026,9,547700,337.8,35.658
BKN,2024,12,1058957,0,96.97428571
BKN,2025,1,4208861.03,0,87.03193548
BKN,2025,2,2645857.64,0,60.57392857
BKN,2025,3,1489744.96,0,30.80580645
BKN,2025,4,4550583.49,0,97.234
BKN,2025,5,4732194.71,0,97.85354839
BKN,2025,6,4348760.23,0,92.92233333
BKN,2025,7,4731244.01,1.02,97.83354839
BKN,2025,8,4617860.45,0,95.48903226
BKN,2025,9,4587798.26,0,98.02966667
BKN,2025,10,4747408.4,0,98.1683871
BKN,2025,11,4602044.14,0,98.33266667
BKN,2025,12,4633509.14,0,95.81193548
BKN,2026,1,3699140.93,0,76.4916129
BKN,2026,2,2396465.92,0,54.86357143
BKN,2026,3,3812695.5,0,78.83935484
BKN,2026,4,4335493.55,0,92.63833333
BKN,2026,5,4356157.77,0,90.07709677
BKN,2026,6,3329422.59,0,71.14133333
BKN,2026,7,2694776.63,0,55.72354839
BKN,2026,8,4464915,0,92.32709677
BKN,2026,9,1770852,62.56,56.758
BTO,2007,5,809457,0,54.39935484
BTO,2007,6,1101503,0,76.49433333
BTO,2007,7,1092314,0,73.40870968
BTO,2007,8,803874,380,55.82566667
BTO,2007,9,1353882,415,94.01933333
BTO,2007,10,1337168,542,89.86419355
BTO,2007,11,942959,220,65.484
BTO,2007,12,353080,58,23.72741935
BTO,2008,1,212290,91,14.26709677
BTO,2008,2,455799,245,32.74448276
BTO,2008,3,749252,429,50.35322581
BTO,2008,4,1195964,831,83.05333333
BTO,2008,5,1329825,575,89.36935484
BTO,2008,6,1271391,509,88.29066667
BTO,2008,7,1302051,699,87.50387097
BTO,2008,8,962623,246,64.69225806
BTO,2008,9,904986,127,62.84633333
BTO,2008,10,977395,385.1,65.68451613
BTO,2008,11,651368,297,45.23333333
BTO,2008,12,808499,126,54.33483871
BTO,2009,1,228430,66.7,15.35096774
BTO,2009,2,136913,86,10.1875
BTO,2009,3,583715,415,39.22806452
BTO,2009,4,757841,261,52.62766667
BTO,2009,5,1062410,646,73.77766667
BTO,2009,6,1337381,566,92.87366667
BTO,2009,7,1077530,197,72.41516129
BTO,2009,8,1060037,621,71.24
BTO,2009,9,1258441,385,87.39266667
BTO,2009,10,1026795,252,69.00419355
BTO,2009,11,974413,311,67.66766667
BTO,2009,12,927339,330,62.32096774
BTO,2010,1,408116,78,28.342
BTO,2010,2,242867,120,18.07071429
BTO,2010,3,216041,118,14.51935484
BTO,2010,4,746504,417.4,51.84166667
BTO,2010,5,1340564,874,90.09193548
BTO,2010,6,1375558,393,95.52466667
BTO,2010,7,1318369,414,88.6
BTO,2010,8,999791,457,67.19032258
BTO,2010,9,1115636,329,77.47633333
BTO,2010,10,1071211,461,71.99032258
BTO,2010,11,1312428,686,91.14133333
BTO,2010,12,1202019,387,80.78129032
BTO,2011,1,585213,171,39.32935484
BTO,2011,2,489478,61,36.42
BTO,2011,3,535765,139,36.00645161
BTO,2011,4,948791,583,65.88733333
BTO,2011,5,1152816,657,77.47387097
BTO,2011,6,1183246,301,82.17
BTO,2011,7,924313,199,62.11935484
BTO,2011,8,1124552,386,75.57483871
BTO,2011,9,1172822,433,81.44566667
BTO,2011,10,881113,294,59.21451613
BTO,2011,11,928325,262,64.46733333
BTO,2011,12,482534,93,32.4283871
BTO,2012,1,190728,63,12.81516129
BTO,2012,2,157416,78,11.30827586
BTO,2012,3,178853,264,12.01935484
BTO,2012,4,1087798,667,75.54166667
BTO,2012,5,569310,235,38.25967742
BTO,2012,6,923396,220,64.125
BTO,2012,7,1037473,208,69.72322581
BTO,2012,8,895537,389,60.18354839
BTO,2012,9,1135092,267,78.82566667
BTO,2012,10,1143500,512,76.84806452
BTO,2012,11,1173374,503,81.485
BTO,2012,12,798848,212,53.68709677
BTO,2013,1,424214,93,28.51032258
BTO,2013,2,352891,206,26.25678571
BTO,2013,3,372885,218,25.05967742
BTO,2013,4,584403,458,40.58333333
BTO,2013,5,1145676,662,76.99516129
BTO,2013,6,1164441,656,75.20366667
BTO,2013,7,1574279,417,81.38322581
BTO,2013,8,959098,180,49.5816129
BTO,2013,9,1281671,507,68.465
BTO,2013,10,1203599,342,62.22096774
BTO,2013,11,1084550,238,57.93533333
BTO,2013,12,559835,90,28.94129032
BTO,2014,1,375668,120,19.41967742
BTO,2014,2,186274,75,10.66142857
BTO,2014,3,298592,76,15.43612903
BTO,2014,4,499578,333,26.68733333
BTO,2014,5,937742,344,48.47709677
BTO,2014,6,1461882,626,78.09133333
BTO,2014,7,1210883,223.75,62.59677419
BTO,2014,8,1683765,564.75,87.04451613
BTO,2014,9,1397137,515.55,74.63333333
BTO,2014,10,1731041,753.25,89.48645161
BTO,2014,11,1007580,217.25,53.82366667
BTO,2014,12,999452,313.75,51.6683871
BTO,2015,1,354479,80.75,18.32516129
BTO,2015,2,402328,280.5,23.02678571
BTO,2015,3,401954,115.75,20.7783871
BTO,2015,4,1143196,495.2,61.06833333
BTO,2015,5,1370009,477.5,70.82451613
BTO,2015,6,1285937,315.75,68.693
BTO,2015,7,1186820,177,61.35451613
BTO,2015,8,1041765,331.5,53.85419355
BTO,2015,9,1638408,551,87.521
BTO,2015,10,1639088,548,84.73387097
BTO,2015,11,1316466,335,70.324
BTO,2015,12,991613,286.5,51.26193548
BTO,2016,1,320819,144.75,16.58483871
BTO,2016,2,174926,56.25,9.666551724
BTO,2016,3,245087,316.8,12.67
BTO,2016,4,674216,509.5,36.01633333
BTO,2016,5,1540854,860.25,79.65483871
BTO,2016,6,1392675,318.01,74.39566667
BTO,2016,7,815139,249,42.13967742
BTO,2016,8,892909,137.5,46.15870968
BTO,2016,9,718392,131.25,38.37633333
BTO,2016,10,760617,201,39.32064516
BTO,2016,11,1156320,302.25,61.769
BTO,2016,12,270696,0,13.99419355
BTO,2017,1,159272,64,8.233870968
BTO,2017,2,94374,4.25,5.401428571
BTO,2017,3,294367,253.25,15.21806452
BTO,2017,4,564387,160.79,30.14933333
BTO,2017,5,1122395,848.5,58.02354839
BTO,2017,6,1445732,358,77.23
BTO,2017,7,926935,167.75,47.91903226
BTO,2017,8,1571442,263.3,81.23709677
BTO,2017,9,1502100,606,83.00724138
BTO,2017,10,1754407,524,90.69483871
BTO,2017,11,1090954,2664.5,58.27766667
BTO,2017,12,965300,194.37,49.9016129
BTO,2018,1,221240,21.5,11.4383871
BTO,2018,2,210306,249.5,12.03678571
BTO,2018,3,408403,252,21.11225806
BTO,2018,4,908903,517.25,48.554
BTO,2018,5,1419315,724.75,73.37193548
BTO,2018,6,1689202,575.05,90.23466667
BTO,2018,7,1143675,120.15,59.12290323
BTO,2018,8,1312623,562.75,67.85709677
BTO,2018,9,707658,474.7,37.80266667
BTO,2018,10,1699237,1457.26,87.84354839
BTO,2018,11,1224854,1074.76,65.42966667
BTO,2018,12,613231,94,31.70193548
BTO,2019,1,200335,9,10.35645161
BTO,2019,2,389251,292,22.27892857
BTO,2019,3,268196,170,13.86451613
BTO,2019,4,466045,672.9,24.89566667
BTO,2019,5,831220,821.1,42.97064516
BTO,2019,6,1397718,1588.2,74.66433333
BTO,2019,7,1065946,945,55.10516129
BTO,2019,8,1377797,1442.2,71.22516129
BTO,2019,9,1545708,7863.65,82.57
BTO,2019,10,1643016,2143.24,84.93709677
BTO,2019,11,1074551,286,57.40233333
BTO,2019,12,786978,144,40.68322581
BTO,2020,1,263093,72.3,13.60064516
BTO,2020,2,113305,104,6.262413793
BTO,2020,3,122844,109.5,6.350322581
BTO,2020,4,246353,480.1,13.159
BTO,2020,5,1266607,1716.5,65.47677419
BTO,2020,6,1353960,478,72.327
BTO,2020,7,1325315,232,68.51387097
BTO,2020,8,1118532,912.55,57.82322581
BTO,2020,9,1578447,1591.25,84.318
BTO,2020,10,1170622,563.1,60.51612903
BTO,2020,11,741425,407.75,39.60666667
BTO,2020,12,768344,713,39.72
BTO,2021,1,926671,357.7,49.50166667
BTO,2021,2,291799,159.9,16.70107143
BTO,2021,3,535955,620.25,27.70612903
BTO,2021,4,870600,812.8,46.50733333
BTO,2021,5,1614102,2147.1,83.4416129
BTO,2021,6,1494306,1642.59,79.82333333
BTO,2021,7,1568734,1553.4,81.09612903
BTO,2021,8,1448336,1621.86,74.87322581
BTO,2021,9,1525985,974.93,81.516
BTO,2021,10,1764125,1097.6,91.19774194
BTO,2021,11,1602194,1249.6,85.58733333
BTO,2021,12,940687,919.63,48.62935484
BTO,2022,1,470555,443.25,24.32548387
BTO,2022,2,269209,354.3,15.4075
BTO,2022,3,347616,553.11,17.97064516
BTO,2022,4,1018122,1259.5,54.38666667
BTO,2022,5,1626168,2115.24,84.06548387
BTO,2022,6,1379876,817.47,73.711
BTO,2022,7,1185997,807.45,61.31064516
BTO,2022,8,1222201,971.8,63.18193548
BTO,2022,9,959310,275.83,51.245
BTO,2022,10,1640750,967.81,84.81935484
BTO,2022,11,1091500,177.9,58.307
BTO,2022,12,564169,184.8,29.16451613
BTO,2023,1,235740,278.6,12.18612903
BTO,2023,2,184550,481.53,10.56214286
BTO,2023,3,310610,496.77,16.05774194
BTO,2023,4,487600,386.3,26.047
BTO,2023,5,1050040,325,54.28290323
BTO,2023,6,1622050,894,86.647
BTO,2023,7,1139200,476,58.89225806
BTO,2023,8,311900,82.7,16.12354839
BTO,2023,9,1675600,927,89.507
BTO,2023,10,1723200,823.85,89.08096774
BTO,2023,11,1542400,506.7,82.39333333
BTO,2023,12,1198900,767.7,61.97741935
BTO,2024,1,444300,180.05,22.96870968
BTO,2024,2,234800,3.1,12.97517241
BTO,2024,3,104600,69.1,5.408387097
BTO,2024,4,439000,541,23.45133333
BTO,2024,5,1194600,877,61.75548387
BTO,2024,6,1564000,763,83.54633333
BTO,2024,7,1340700,181,69.30870968
BTO,2024,8,1224700,505,63.31225806
BTO,2024,9,1377300,907.8,73.57366667
BTO,2024,10,1316760,549,68.07129032
BTO,2024,11,1531782,780,81.82566667
BTO,2024,12,801929,160.2,41.45677419
BTO,2025,1,271675,69,14.04387097
BTO,2025,2,120555,94,6.9
BTO,2025,3,394575,287,20.39709677
BTO,2025,4,952562,340.7,50.88533333
BTO,2025,5,1543694,652,79.80225806
BTO,2025,6,1408608,383,75.246
BTO,2025,7,1029249,154,53.20677419
BTO,2025,8,811068,238,41.9283871
BTO,2025,9,988844,493.16,52.82266667
BTO,2025,10,1320753,484.12,68.27709677
BTO,2025,11,1179786,719.02,63.02333333
BTO,2025,12,912790,200.84,47.18677419
BTO,2026,1,252135,0,13.03451613
BTO,2026,2,185081,127.06,10.5925
BTO,2026,3,142647,71.92,7.373870968
BTO,2026,4,446142,436.01,23.83166667
BTO,2026,5,1473579,898.33,76.17741935
BTO,2026,6,1652340,1346.6,88.26533333
BTO,2026,7,910110,299.8,47.04903226
BTO,2026,8,1626572,1145.7,84.08645161
BTO,2026,9,654084,420.59,61.65941176
EME,2016,10,3527,0,7.35
EME,2016,11,625891,378.6,43.46433333
EME,2016,12,742334,360.61,49.88870968
EME,2017,1,508790,213.65,34.19354839
EME,2017,2,208917,11.16,15.54428571
EME,2017,3,283352,154.7,19.04290323
EME,2017,4,401467,339.2,27.88
EME,2017,5,442648,242.5,29.74741935
EME,2017,6,177682,193,12.33866667
EME,2017,7,434931,83,29.22870968
EME,2017,8,608498,192,40.89322581
EME,2017,9,859693,421.5,59.70066667
EME,2017,10,1053631,344.32,70.80870968
EME,2017,11,1074731,354.5,74.63466667
EME,2017,12,1260369,237.2,84.70354839
EME,2018,1,612937,46.9,41.19193548
EME,2018,2,422483,138.2,31.43464286
EME,2018,3,599421,198.82,40.28322581
EME,2018,4,958052,370.72,66.53233333
EME,2018,5,755892,489.13,50.79870968
EME,2018,6,987992,312.35,68.61033333
EME,2018,7,719630,118.6,48.3616129
EME,2018,8,504215,118.42,33.88548387
EME,2018,9,320448,195.73,22.25366667
EME,2018,10,1194209,385.27,80.25645161
EME,2018,11,1204008,312.81,83.61133333
EME,2018,12,852134,104.5,57.26774194
EME,2019,1,522534,94.7,35.11677419
EME,2019,2,418462,124.7,31.13571429
EME,2019,3,303761,111,20.41516129
EME,2019,4,488687,506.54,33.93666667
EME,2019,5,670479,154.05,45.05903226
EME,2019,6,944102,287.07,65.56233333
EME,2019,7,520935,137.5,35.00935484
EME,2019,8,1027301,485.9,69.03903226
EME,2019,9,1276640,523.8,88.65633333
EME,2019,10,1368274,402.57,91.95419355
EME,2019,11,1245412,204,86.48666667
EME,2019,12,984528,0,66.16451613
EME,2020,1,302107,53,20.30354839
EME,2020,2,9874,5,0.708965517
EME,2020,3,129018,75.8,8.670322581
EME,2020,4,462043,309.9,32.08633333
EME,2020,5,1054634,526.07,70.87516129
EME,2020,6,794313,175.8,55.16066667
EME,2020,7,662477,217.7,44.52193548
EME,2020,8,757979,139.62,50.94
EME,2020,9,996002,500.04,69.16733333
EME,2020,10,939204,129.2,63.1183871
EME,2020,11,1259238,456.4,87.44733333
EME,2020,12,1096325,309.4,73.67870968
EME,2021,1,1027827,278.6,69.07419355
EME,2021,2,691334,179.4,51.43892857
EME,2021,3,741809,372,49.85290323
EME,2021,4,1084098,349,75.28466667
EME,2021,5,1347639,690,90.56741935
EME,2021,6,1272893,285.8,88.39633333
EME,2021,7,1117145,204.6,75.07709677
EME,2021,8,664313,195.6,44.64516129
EME,2021,9,931114,225.2,64.66066667
EME,2021,10,1153861,258.8,77.54483871
EME,2021,11,1313984,398,91.24933333
EME,2021,12,1257042,370,84.4783871
EME,2022,1,1059143,215,71.17903226
EME,2022,2,612697,203,45.58821429
EME,2022,3,578548,26,38.88258065
EME,2022,4,1151696,712,79.979
EME,2022,5,1270344,607,85.37258065
EME,2022,6,1250584,260,86.84666667
EME,2022,7,894902,272,60.14096774
EME,2022,8,892226,166,59.9616129
EME,2022,9,791654,156,54.97666667
EME,2022,10,1110718,643,74.64516129
EME,2022,11,1311157,465,91.05266667
EME,2022,12,1233802,255,82.91645161
EME,2023,1,762896,115,51.27032258
EME,2023,2,666884,93,49.62
EME,2023,3,562881,115,37.82903226
EME,2023,4,660664,250,45.87966667
EME,2023,5,1219011,371,81.92225806
EME,2023,6,1192531,244,82.815
EME,2023,7,894561,112,60.11806452
EME,2023,8,269153,64,18.08806452
EME,2023,9,1337312,625,92.87
EME,2023,10,1393442,525,93.64516129
EME,2023,11,1328598,526,92.26433333
EME,2023,12,1307855,434,87.89387097
EME,2024,1,1181158,323.2,79.38
EME,2024,2,556571,35,39.98482759
EME,2024,3,378983,308.04,25.46903226
EME,2024,4,686146,238.05,47.64966667
EME,2024,5,984254,500,66.14677419
EME,2024,6,1223394,434.05,84.95766667
EME,2024,7,851185,186,57.20451613
EME,2024,8,999793,461,67.19
EME,2024,9,1124931,475,78.12066667
EME,2024,10,1156158,398,77.69967742
EME,2024,11,1283843,367,89.15633333
EME,2024,12,1123222,298,75.48516129
EME,2025,1,916556,191,61.59709677
EME,2025,2,270333,43,20.11428571
EME,2025,3,656220,448,44.1016129
EME,2025,4,753718,241,52.34166667
EME,2025,5,819832,373,55.09709677
EME,2025,6,1022464,271,71.005
EME,2025,7,490569,124,32.96870968
EME,2025,8,239059,91,16.06645161
EME,2025,9,268488,76,18.64533333
EME,2025,10,604049,289,40.59548387
EME,2025,11,876922,379,60.89766667
EME,2025,12,1029894,65,69.21354839
EME,2026,1,533828,56,35.87645161
EME,2026,2,324035,66,24.11035714
EME,2026,3,294544,126.22,19.79516129
EME,2026,4,451377,57.65,31.345
EME,2026,5,920565,218,61.86612903
EME,2026,6,1055314,244,73.28633333
EME,2026,7,404854,35,27.2083871
EME,2026,8,829418,220,55.74064516
EME,2026,9,420340,130.25,43.786
GNT,2010,4,74466,203,43.095
GNT,2010,5,394512,603,44.18870968
GNT,2010,6,387609,554,44.862
GNT,2010,7,439514,370,49.22903226
GNT,2010,8,280214,593.2,31.38516129
GNT,2010,9,348659,443,40.35333333
GNT,2010,10,457532,672,51.24645161
GNT,2010,11,566377,906.8,65.55266667
GNT,2010,12,559539,406.4,62.67322581
GNT,2011,1,333926,297,37.40225806
GNT,2011,2,299260,241,37.11142857
GNT,2011,3,72570,193,8.127741935
GNT,2011,4,131972,450,15.27433333
GNT,2011,5,321495,673,36.00903226
GNT,2011,6,317887,316,36.793
GNT,2011,7,145292,260,16.27387097
GNT,2011,8,225811,393.2,25.29258065
GNT,2011,9,433817,394,50.20933333
GNT,2011,10,243193,392,27.24032258
GNT,2011,11,385676,364.2,44.638
GNT,2011,12,130267,6.2,14.59032258
GNT,2012,1,79455,0,8.899677419
GNT,2012,2,24712,0,2.957931034
GNT,2012,3,22797,0,2.552903226
GNT,2012,4,274956,85.5,31.82333333
GNT,2012,5,92395,310,10.34935484
GNT,2012,6,146853,207,16.997
GNT,2012,7,276182,32.55,30.93451613
GNT,2012,8,177743,142.6,19.90870968
GNT,2012,9,184626,240,21.36866667
GNT,2012,10,314369,424.7,35.21193548
GNT,2012,11,520197,294,60.20766667
GNT,2012,12,359760,6.2,40.29483871
GNT,2013,1,319357,0,35.76967742
GNT,2013,2,138701.7,0,17.19964286
GNT,2013,3,123762.3,0,13.86193548
GNT,2013,4,154458,85.5,17.87633333
GNT,2013,5,288137,310,32.27258065
GNT,2013,6,817774,207,94.64966667
GNT,2013,7,670877,32.55,75.14322581
GNT,2013,8,350008,142.6,39.20419355
GNT,2013,9,495703,240,57.373
GNT,2013,10,292429,424.7,32.75483871
GNT,2013,11,256847,294,29.72866667
GNT,2013,12,175396,6.2,19.64548387
GNT,2014,1,114380,43,12.81129032
GNT,2014,2,16251,0,2.015357143
GNT,2014,3,24553,0,2.750322581
GNT,2014,4,52973.3,85.5,6.130666667
GNT,2014,5,217303.2,310,24.33967742
GNT,2014,6,428067.9,207,49.54533333
GNT,2014,7,274630.7,32.55,30.76032258
GNT,2014,8,602313.2,142.6,67.46322581
GNT,2014,9,330688.3,240,38.27433333
GNT,2014,10,534833.4,424.7,59.90580645
GNT,2014,11,355972.4,294,41.201
GNT,2014,12,611606,45.5,68.50451613
GNT,2015,1,256821.6,4.3,28.76645161
GNT,2015,2,126453.2,101.3,15.68142857
GNT,2015,3,119459.4,38.96,13.38129032
GNT,2015,4,379930.3,182.15,43.972
GNT,2015,5,368284.8,83.76,41.25032258
GNT,2015,6,227758.8,106.33,26.36066667
GNT,2015,7,174491,32.09,19.54516129
GNT,2015,8,161681.7,72.1,18.10935484
GNT,2015,9,190368,103.5,22.03333333
GNT,2015,10,459661.8,193.5,51.48516129
GNT,2015,11,631340.7,187.4,73.07166667
GNT,2015,12,566805.9,158.8,63.48645161
GNT,2016,1,94235.8,10.8,10.43548387
GNT,2016,2,27946,21.2,3.346206897
GNT,2016,3,12202.1,22.8,1.366451613
GNT,2016,4,33683.7,48.2,3.898333333
GNT,2016,5,348976.2,211.9,39.08870968
GNT,2016,6,452336.1,93.2,52.353
GNT,2016,7,169279.3,36.6,18.96
GNT,2016,8,121201.2,27.8,13.57612903
GNT,2016,9,106645.5,24.5,12.34266667
GNT,2016,10,87275.3,60.1,9.775483871
GNT,2016,11,381540,152.98,44.15966667
GNT,2016,12,89278,12.3,9.999677419
GNT,2017,1,19057,24.4,2.13516129
GNT,2017,2,2109,3.5,0.260714286
GNT,2017,3,106626,96,11.94322581
GNT,2017,4,135483,87.23,15.68133333
GNT,2017,5,184834,333.5,20.70225806
GNT,2017,6,422560,91.61,48.90733333
GNT,2017,7,209172,168.3,23.42870968
GNT,2017,8,382807,449.6,42.87741935
GNT,2017,9,525180,777.3,60.785
GNT,2017,10,506133,1316,56.69032258
GNT,2017,11,370587,104.8,42.893
GNT,2017,12,178152,273.7,19.95387097
GNT,2018,1,43679,95.8,4.892580645
GNT,2018,2,26765,14.2,3.319285714
GNT,2018,3,20905,275.3,2.419666667
GNT,2018,4,102142,432.2,11.822
GNT,2018,5,516850,1508.6,57.89096774
GNT,2018,6,612229,768.58,70.85966667
GNT,2018,7,252374,352.3,28.26741935
GNT,2018,8,450346,436.7,50.44129032
GNT,2018,9,107757,262.4,12.47166667
GNT,2018,10,503167,1059.3,56.3583871
GNT,2018,11,513193,677.1,59.398
GNT,2018,12,183270,140.84,20.52741935
GNT,2019,1,50741,15.73,5.683870968
GNT,2019,2,54240,118.3,6.726071429
GNT,2019,3,11175,16.5,1.250967742
GNT,2019,4,76811,384.2,8.89
GNT,2019,5,58818,172.1,6.588064516
GNT,2019,6,262035,494.7,30.32766667
GNT,2019,7,234402,324.64,26.25419355
GNT,2019,8,446667,939.9,50.02903226
GNT,2019,9,450280,865.1,52.11533333
GNT,2019,10,591592,551,66.26354839
GNT,2019,11,376925,291.4,43.625
GNT,2019,12,208880,171.2,23.39645161
GNT,2020,1,32689,48,3.661612903
GNT,2020,2,601,0.8,0.071724138
GNT,2020,3,0,17.29,0
GNT,2020,4,61252,596.75,7.089333333
GNT,2020,5,381316,1133.24,42.71064516
GNT,2020,6,338116,570.9,39.13333333
GNT,2020,7,299774,578.3,33.57677419
GNT,2020,8,364916,531,40.87290323
GNT,2020,9,438159,1321.2,50.71233333
GNT,2020,10,347100,460.3,38.87774194
GNT,2020,11,376748,798.7,43.604
GNT,2020,12,294479,644.7,32.98387097
GNT,2021,1,205727,600.6,23.04354839
GNT,2021,2,51121,218.5,6.339642857
GNT,2021,3,43509,327.4,4.873870968
GNT,2021,4,206884,504.3,23.945
GNT,2021,5,569533,1443.9,63.79193548
GNT,2021,6,502283,885.1,58.13433333
GNT,2021,7,383109,927.4,42.91096774
GNT,2021,8,533763,1259.4,59.78612903
GNT,2021,9,548339,1041.4,63.46433333
GNT,2021,10,574951,1306.7,64.39774194
GNT,2021,11,669005,1547.9,77.43066667
GNT,2021,12,299560,338.3,33.55354839
GNT,2022,1,61048,160.9,6.837096774
GNT,2022,2,15351,97.5,1.905357143
GNT,2022,3,12468,314.7,1.396129032
GNT,2022,4,133756,712.1,15.481
GNT,2022,5,431411,1672.5,48.32129032
GNT,2022,6,328060,449.6,37.96966667
GNT,2022,7,296421,1028.1,33.20064516
GNT,2022,8,464468,1354.6,52.02354839
GNT,2022,9,421221,707.1,48.75366667
GNT,2022,10,667738,1472.7,74.7916129
GNT,2022,11,469774,700.3,54.37233333
GNT,2022,12,239586,761.2,26.83548387
GNT,2023,1,98263,124.7,11.00612903
GNT,2023,2,54030,162,6.699642857
GNT,2023,3,73384,320.8,8.219677419
GNT,2023,4,116981,636.6,13.539
GNT,2023,5,296096,491.3,33.16548387
GNT,2023,6,229133,741.8,26.51966667
GNT,2023,7,326209,382.8,36.53709677
GNT,2023,8,51710,199,5.791290323
GNT,2023,9,527884,1839,61.09733333
GNT,2023,10,732785,1271.5,82.07741935
GNT,2023,11,644375,1175.4,74.58033333
GNT,2023,12,506802,811.8,56.76516129
GNT,2024,1,313375,648.1,35.09967742
GNT,2024,2,156687,122,18.75965517
GNT,2024,3,34036,118,3.813225806
GNT,2024,4,22077,260.2,2.555
GNT,2024,5,323643,1196.9,36.25096774
GNT,2024,6,573628,806.1,66.39233333
GNT,2024,7,345511,799.5,38.69967742
GNT,2024,8,389942,790,43.67677419
GNT,2024,9,390666,564.2,45.21666667
GNT,2024,10,424863,973.8,47.5883871
GNT,2024,11,646758,2181.4,74.856
GNT,2024,12,326257,198.6,36.54322581
GNT,2025,1,68861,271.2,7.713225806
GNT,2025,2,7362,52.2,0.913571429
GNT,2025,3,50141,531.64,5.61516129
GNT,2025,4,256049,764.2,29.635
GNT,2025,5,325123,1190.6,36.41645161
GNT,2025,6,517637,891,59.91166667
GNT,2025,7,280231,470.22,31.38806452
GNT,2025,8,192037,457.4,21.51
GNT,2025,9,183449,623.6,21.232
GNT,2025,10,402030,1035.4,45.03096774
GNT,2025,11,407109,510.4,47.11866667
GNT,2025,12,109131,44.8,12.22387097
GNT,2026,1,92084,82.8,10.31387097
GNT,2026,2,44173,138.4,5.478928571
GNT,2026,3,40971,108,4.589354839
GNT,2026,4,32868,139.4,3.805
GNT,2026,5,345088,470,38.65193548
GNT,2026,6,485721,418.34,56.218
GNT,2026,7,282128,169.11,31.60032258
GNT,2026,8,386750,427.8,43.31870968
GNT,2026,9,114384,171,19.859
HRN,2024,12,75195,0,22.38
HRN,2025,1,241554,0,16.23483871
HRN,2025,2,343377,0,25.54857143
HRN,2025,3,351012,0,23.59064516
HRN,2025,4,298365,0,20.72
HRN,2025,5,241560,0,16.23419355
HRN,2025,6,271611,0,18.86333333
HRN,2025,7,289962,0,19.48741935
HRN,2025,8,309873,0,20.82645161
HRN,2025,9,266793,0,18.52833333
HRN,2025,10,278109,0,18.69096774
HRN,2025,11,238401,0,16.55533333
HRN,2025,12,276786,0,18.60225806
HRN,2026,1,292023,0,19.62612903
HRN,2026,2,261582,0,19.46392857
HRN,2026,3,376512,0,25.30419355
HRN,2026,4,320985,0,22.291
HRN,2026,5,221937,0,14.91580645
HRN,2026,6,260880,0,18.11666667
HRN,2026,7,325476,0,21.87387097
HRN,2026,8,256842,0,17.26193548
HRN,2026,9,188115,0,19.5965
LKM,2014,7,508880,17.5,75.72571429
LKM,2014,8,2404410,161.32,80.79322581
LKM,2014,9,1784865,85.2,61.97466667
LKM,2014,10,2657567,308.67,89.30032258
LKM,2014,11,2139764,109.64,74.298
LKM,2014,12,2092142,266.2,70.30064516
LKM,2015,1,1570394,0,52.76774194
LKM,2015,2,981031,59.8,36.49714286
LKM,2015,3,1109539,7.5,37.28193548
LKM,2015,4,1114943,151.43,38.714
LKM,2015,5,985087,50.2,33.1016129
LKM,2015,6,1024119,120.2,35.55933333
LKM,2015,7,1702677,160.3,57.21258065
LKM,2015,8,1534835,65.8,51.57354839
LKM,2015,9,1842380,175.64,63.97133333
LKM,2015,10,2535090,186.7,85.18483871
LKM,2015,11,2657923,194.6,92.28966667
LKM,2015,12,1626537,99,54.65516129
LKM,2016,1,695723,8.5,23.37806452
LKM,2016,2,342968,0,12.31965517
LKM,2016,3,339793,18.4,11.41774194
LKM,2016,4,385961,59.6,13.402
LKM,2016,5,2077135,679.03,69.79677419
LKM,2016,6,2498420,130.9,86.751
LKM,2016,7,1625036,71.5,54.60580645
LKM,2016,8,1575319,86.7,52.93387097
LKM,2016,9,1392406,54.7,48.348
LKM,2016,10,968761,90.68,32.55258065
LKM,2016,11,1383784,159.5,48.048
LKM,2016,12,691574,24.5,23.23741935
LKM,2017,1,435260,36.6,14.62677419
LKM,2017,2,243863,18,9.071785714
LKM,2017,3,587324,66.45,19.73451613
LKM,2017,4,445654,87.92,15.47433333
LKM,2017,5,473712,245.56,15.91806452
LKM,2017,6,1721438,154.94,59.772
LKM,2017,7,1140062,76.3,38.30967742
LKM,2017,8,2251257,217.55,75.64741935
LKM,2017,9,2112016,148.1,73.33366667
LKM,2017,10,2280723,272.58,76.63741935
LKM,2017,11,2005363,108.8,69.63033333
LKM,2017,12,1638352,61.95,55.05225806
LKM,2018,1,664767,16,22.33741935
LKM,2018,2,471445,24.4,17.53964286
LKM,2018,3,512787,54.4,17.2316129
LKM,2018,4,996016,489.9,34.58466667
LKM,2018,5,1812011,1129.75,60.88677419
LKM,2018,6,2636246,653.1,91.536
LKM,2018,7,2636081,713.9,88.57709677
LKM,2018,8,2567324,346.6,86.26870968
LKM,2018,9,1601178,397.35,55.59666667
LKM,2018,10,2562822,702.9,86.11612903
LKM,2018,11,2215365,676.6,76.922
LKM,2018,12,1397328,159.8,46.95322581
LKM,2019,1,656320,17.6,22.05354839
LKM,2019,2,449868,106.6,16.73642857
LKM,2019,3,500430,12.06,16.81580645
LKM,2019,4,525518,263.79,18.24733333
LKM,2019,5,389653,83.3,13.09322581
LKM,2019,6,962593,420.3,33.42333333
LKM,2019,7,1335137,527.6,44.86354839
LKM,2019,8,2222044,370.71,74.66548387
LKM,2019,9,2001034,353.26,69.48066667
LKM,2019,10,2800972,797.7,94.1183871
LKM,2019,11,2001126,331.2,69.48333333
LKM,2019,12,1770752,367.1,59.50193548
LKM,2020,1,622650,34.6,20.92225806
LKM,2020,2,331560,3,11.90965517
LKM,2020,3,266906,86.8,8.968709677
LKM,2020,4,381942,228.9,13.262
LKM,2020,5,1283634,502.26,43.13290323
LKM,2020,6,1597556,393.4,55.47066667
LKM,2020,7,1827700,315.9,61.41548387
LKM,2020,8,2419846,592.04,81.31193548
LKM,2020,9,2322140,522.8,80.63033333
LKM,2020,10,2424681,291.8,81.47451613
LKM,2020,11,1555135,299.2,53.998
LKM,2020,12,1738321,356.7,58.41129032
LKM,2021,1,1389580,199.68,46.69258065
LKM,2021,2,530313,25.22,19.72821429
LKM,2021,3,555144,182.93,18.65387097
LKM,2021,4,714401,234.4,24.80566667
LKM,2021,5,2050444,629.89,68.89903226
LKM,2021,6,2504039,373,86.94533333
LKM,2021,7,2432156,488.04,81.72580645
LKM,2021,8,2623116,440.92,88.14258065
LKM,2021,9,2405151,338.01,83.51166667
LKM,2021,10,2857263,554.66,96.01032258
LKM,2021,11,2842980,651.07,98.714
LKM,2021,12,1431320,126.5,48.09580645
LKM,2022,1,539510,28.6,18.12903226
LKM,2022,2,390502,131.4,14.52785714
LKM,2022,3,297949,81.6,10.01193548
LKM,2022,4,750502,306.61,26.059
LKM,2022,5,2004036,628.82,67.34
LKM,2022,6,1734483,150.8,60.225
LKM,2022,7,2280158,451.3,74.24935484
LKM,2022,8,2322299,709.8,78.03483871
LKM,2022,9,2149084,266.8,74.62066667
LKM,2022,10,2903678,926.1,97.56967742
LKM,2022,11,2098946,175.6,72.88066667
LKM,2022,12,993218,224.74,33.37451613
LKM,2023,1,517758,64.6,17.3983871
LKM,2023,2,319036,94.24,11.86892857
LKM,2023,3,376920,162.8,12.66516129
LKM,2023,4,746036,348.8,25.904
LKM,2023,5,893414,345.42,30.02064516
LKM,2023,6,1003174,185.88,34.83266667
LKM,2023,7,2023144,424.27,67.98258065
LKM,2023,8,751728,91.94,25.26032258
LKM,2023,9,1633159,460.7,56.70733333
LKM,2023,10,2813421,548.82,94.53709677
LKM,2023,11,2833987,207.41,98.40233333
LKM,2023,12,2656001,645.4,89.24741935
LKM,2024,1,1368932,134.54,45.99870968
LKM,2024,2,493472,29.5,17.72551724
LKM,2024,3,285544,59.48,9.59516129
LKM,2024,4,255279,141.1,8.865
LKM,2024,5,1113055,712.31,37.40096774
LKM,2024,6,1939106,283.88,67.33
LKM,2024,7,1612519,303.21,54.18451613
LKM,2024,8,0,396.16,0
LKM,2024,9,0,434.9,0
LKM,2024,10,0,359.66,0
LKM,2024,11,1409736,947.79,48.949
LKM,2024,12,2002096,125.09,67.27483871
LKM,2025,1,968832,189.91,32.55548387
LKM,2025,2,403240,182.68,15.00178571
LKM,2025,3,472864,102,15.89
LKM,2025,4,823636,197.4,28.59833333
LKM,2025,5,1114588,498.2,37.45290323
LKM,2025,6,2595027,346.4,90.106
LKM,2025,7,2325259,333.4,78.13387097
LKM,2025,8,2286098,182.44,76.81741935
LKM,2025,9,1776358,200.8,61.679
LKM,2025,10,1990439,163.99,66.88322581
LKM,2025,11,1490582,274.12,51.75566667
LKM,2025,12,913607,657.49,30.69967742
LKM,2026,1,717184,613.44,24.09967742
LKM,2026,2,529008,278.95,19.68107143
LKM,2026,3,359865,9.2,12.09193548
LKM,2026,4,739785,53.02,25.68733333
LKM,2026,5,1563764,108.76,52.54612903
LKM,2026,6,2152452,89.42,74.737
LKM,2026,7,1433524,72.94,48.16967742
LKM,2026,8,2405691,388.65,80.83677419
LKM,2026,9,1079821,126.07,56.2415
MGT,2013,12,901516,256,50.086
MGT,2014,1,670633,210,36.05612903
MGT,2014,2,249883,95,14.87428571
MGT,2014,3,318293,194.1,17.11290323
MGT,2014,4,617105,406,34.28366667
MGT,2014,5,678639,384,36.48677419
MGT,2014,6,925805,600.5,51.435
MGT,2014,7,542323,252,29.1583871
MGT,2014,8,811720,487.6,43.6416129
MGT,2014,9,919700,513,51.095
MGT,2014,10,1512875,613,81.33774194
MGT,2014,11,1243484,262.9,69.08333333
MGT,2014,12,1458435,348.1,78.4116129
MGT,2015,1,669067,89.3,35.97225806
MGT,2015,2,452846,226.4,26.95607143
MGT,2015,3,339882,215.2,18.27322581
MGT,2015,4,916077,252,50.894
MGT,2015,5,974536,219.08,52.39483871
MGT,2015,6,632671,224.4,35.149
MGT,2015,7,920314,333.4,49.47967742
MGT,2015,8,803104,296,43.17903226
MGT,2015,9,1281223,424.24,71.18033333
MGT,2015,10,1340341,571.13,72.06290323
MGT,2015,11,1336442,546.2,74.24766667
MGT,2015,12,1004383,212.6,54.00064516
MGT,2016,1,558046,154.22,30.00322581
MGT,2016,2,231605,91.2,13.31172414
MGT,2016,3,26111,160.1,1.403870968
MGT,2016,4,635421,272.44,35.30166667
MGT,2016,5,1328776,586.3,71.44064516
MGT,2016,6,1110275,157.91,61.68266667
MGT,2016,7,367646,115.4,19.76677419
MGT,2016,8,214007,67.3,11.50709677
MGT,2016,9,168778,69,9.376666667
MGT,2016,10,159703,155.9,8.587096774
MGT,2016,11,1038785,316.1,57.71133333
MGT,2016,12,553619,206.8,29.76516129
MGT,2017,1,307727,222.1,16.54580645
MGT,2017,2,143988,28.01,8.571428571
MGT,2017,3,443921,372.3,23.86645161
MGT,2017,4,354238,187.6,19.68066667
MGT,2017,5,536916,637.2,28.86709677
MGT,2017,6,452401,256,25.13433333
MGT,2017,7,378685,69,20.36032258
MGT,2017,8,795500,173.53,42.77
MGT,2017,9,1103616,364.5,61.31266667
MGT,2017,10,1108126,339.7,59.57709677
MGT,2017,11,1162722,1801.73,64.59566667
MGT,2017,12,1274125,381.3,68.50193548
MGT,2018,1,471928,97.9,25.37290323
MGT,2018,2,268113,923.6,15.95892857
MGT,2018,3,512832,897.1,27.57322581
MGT,2018,4,1111729,4338.2,61.76433333
MGT,2018,5,1147694,4812.5,61.70516129
MGT,2018,6,1502347,2568.2,83.46433333
MGT,2018,7,576082,343.9,30.97225806
MGT,2018,8,555516,483.2,29.86774194
MGT,2018,9,392623,332.02,21.81333333
MGT,2018,10,1444010,1073,77.63580645
MGT,2018,11,891388,857,49.522
MGT,2018,12,498930,285,26.82580645
MGT,2019,1,225512,430,12.12516129
MGT,2019,2,298110,587.5,17.74535714
MGT,2019,3,252529,128.2,13.57741935
MGT,2019,4,400992,437.3,22.27766667
MGT,2019,5,524117,596.7,28.17870968
MGT,2019,6,984796,529.7,54.711
MGT,2019,7,571734,275,30.73903226
MGT,2019,8,871310,348.5,46.84580645
MGT,2019,9,1557551,796.6,86.531
MGT,2019,10,1646532,484.6,88.52419355
MGT,2019,11,1105629,349.1,61.42566667
MGT,2019,12,951920,458.5,51.1783871
MGT,2020,1,165762,22.9,8.912258065
MGT,2020,2,16902,0,0.97137931
MGT,2020,3,62318,102.8,3.350322581
MGT,2020,4,345768,559.5,19.209
MGT,2020,5,691662,1416,37.18612903
MGT,2020,6,415590,484,23.08833333
MGT,2020,7,569380,338,30.6116129
MGT,2020,8,536568,262.2,28.84741935
MGT,2020,9,1138806,1140.5,63.26833333
MGT,2020,10,1036626,310,55.73387097
MGT,2020,11,1173972,239.5,65.221
MGT,2020,12,758850,111,40.79935484
MGT,2021,1,685284,78.7,36.84354839
MGT,2021,2,521734,72.1,31.05607143
MGT,2021,3,541814,104.9,29.13
MGT,2021,4,984546,133.2,54.69666667
MGT,2021,5,1284406,847.2,69.05451613
MGT,2021,6,876336,699.8,48.686
MGT,2021,7,973888,452.5,52.35935484
MGT,2021,8,794270,293.5,42.70290323
MGT,2021,9,1124980,354.5,62.5
MGT,2021,10,1142400,471,61.41935484
MGT,2021,11,1249860,362.5,69.43733333
MGT,2021,12,1046652,277.5,56.27096774
MGT,2022,1,781024,153,41.99129032
MGT,2022,2,386064,225.5,22.98
MGT,2022,3,464176,410.1,24.95612903
MGT,2022,4,1309548,199.5,72.75266667
MGT,2022,5,1325492,1110.5,71.26387097
MGT,2022,6,958118,329.5,53.22866667
MGT,2022,7,709090,441.5,38.12322581
MGT,2022,8,822584,367,44.22580645
MGT,2022,9,719930,206.5,39.99633333
MGT,2022,10,761934,783,40.96387097
MGT,2022,11,992300,467,55.12833333
MGT,2022,12,730712,231.5,39.28483871
MGT,2023,1,333080,122.5,17.90709677
MGT,2023,2,0,362.5,0
MGT,2023,3,250088,463,13.44580645
MGT,2023,4,437197,374,24.28833333
MGT,2023,5,1116011,591.5,60.00064516
MGT,2023,6,1035396,659.3,57.52166667
MGT,2023,7,839946,286.05,45.15806452
MGT,2023,8,102204,128.2,5.49516129
MGT,2023,9,1613598,1015.55,89.64533333
MGT,2023,10,1718900,699,92.41354839
MGT,2023,11,1439692,497.5,79.983
MGT,2023,12,1223332,457.5,65.7716129
MGT,2024,1,1032666,63.5,55.52032258
MGT,2024,2,414018,0,23.79413793
MGT,2024,3,206746,0.2,11.11516129
MGT,2024,4,485198,15,26.955
MGT,2024,5,1048572,836.5,56.37516129
MGT,2024,6,1290030,703,71.66766667
MGT,2024,7,957348,401.55,51.47064516
MGT,2024,8,952098,545.5,51.18774194
MGT,2024,9,1116432,505,62.02366667
MGT,2024,10,1028212,574,55.28064516
MGT,2024,11,1429232,657.5,79.40133333
MGT,2024,12,771828,569.5,41.49580645
MGT,2025,1,659808,239,35.47290323
MGT,2025,2,101332,33.5,6.031071429
MGT,2025,3,377076,424,20.27258065
MGT,2025,4,698720,465,38.81733333
MGT,2025,5,837076,524,45.00387097
MGT,2025,6,1073138,417,59.619
MGT,2025,7,501646,160.5,26.97
MGT,2025,8,190552,136,10.24451613
MGT,2025,9,331725,362,18.42933333
MGT,2025,10,602622,421.5,32.39903226
MGT,2025,11,924926,560,51.38566667
MGT,2025,12,895786,220,48.16129032
MGT,2026,1,382651,141,20.57387097
MGT,2026,2,260940,315,15.5325
MGT,2026,3,350942,325.1,18.86806452
MGT,2026,4,498762,51.5,27.70966667
MGT,2026,5,1131775,212.5,60.84903226
MGT,2026,6,1192819,194,66.26866667
MGT,2026,7,426331,174,22.92096774
MGT,2026,8,1022187,549,54.95677419
MGT,2026,9,428018,367,35.6675
MVB,2024,12,606250,0,55.51571429
MVB,2025,1,1949082,0,40.30354839
MVB,2025,2,1673024,0,38.30178571
MVB,2025,3,2115978,0,43.75516129
MVB,2025,4,3703855,0,79.14166667
MVB,2025,5,4230758,0,87.48451613
MVB,2025,6,2545054,0,54.382
MVB,2025,7,1761281,0,36.42032258
MVB,2025,8,2279462,0,47.13516129
MVB,2025,9,2416843,0,51.641
MVB,2025,10,3180747,0,65.77225806
MVB,2025,11,3556742,0,75.99833333
MVB,2025,12,2618857,0,54.15387097
MVB,2026,1,1965733,0,40.64709677
MVB,2026,2,2914825,0,66.73071429
MVB,2026,3,4203195,0,86.91419355
MVB,2026,4,3477183,0,74.299
MVB,2026,5,4055413,0,83.85935484
MVB,2026,6,2124168,0,45.388
MVB,2026,7,1597433,0,33.03193548
MVB,2026,8,1452216,0,30.02967742
MVB,2026,9,553875,0,23.67066667
ORIC,2024,12,26240,0,15.62
ORIC,2025,1,82040,0,11.02741935
ORIC,2025,2,126930,0,18.88964286
ORIC,2025,3,124390,0,16.72
ORIC,2025,4,102290,0,14.208
ORIC,2025,5,112990,0,15.18709677
ORIC,2025,6,116740,0,16.21566667
ORIC,2025,7,116060,0,15.60064516
ORIC,2025,8,117200,0,15.75258065
ORIC,2025,9,116170,0,16.13433333
ORIC,2025,10,108220,0,14.54709677
ORIC,2025,11,86120,0,11.96133333
ORIC,2025,12,88020,0,11.83064516
ORIC,2026,1,103690,0,13.93709677
ORIC,2026,2,78710,0,11.71357143
ORIC,2026,3,126860,0,17.05129032
ORIC,2026,4,106830,0,14.83866667
ORIC,2026,5,101550,0,13.65064516
ORIC,2026,6,105140,0,14.60366667
ORIC,2026,7,129660,0,17.4283871
ORIC,2026,8,117480,0,15.79129032
ORIC,2026,9,74050,0,17.14166667
RDP,2015,6,212644,69.8,46.02727273
RDP,2015,7,384168,3.7,29.50580645
RDP,2015,8,256648,10,19.71064516
RDP,2015,9,326563,154.05,25.91733333
RDP,2015,10,681358,581.28,52.33193548
RDP,2015,11,910962,664.63,72.29833333
RDP,2015,12,964655,459.3,74.09129032
RDP,2016,1,944103,116.01,72.51193548
RDP,2016,2,550741,166.3,45.21793103
RDP,2016,3,334104,147.6,25.66258065
RDP,2016,4,348634,37,27.669
RDP,2016,5,551367,403.41,42.34741935
RDP,2016,6,185314,1,14.707
RDP,2016,7,202618,190.49,15.56193548
RDP,2016,8,177888,100,13.66258065
RDP,2016,9,61941,0,4.915333333
RDP,2016,10,82773,40.72,6.357419355
RDP,2016,11,259933,514.6,20.62933333
RDP,2016,12,141953,161.33,10.90225806
RDP,2017,1,288219,336.42,22.13677419
RDP,2017,2,205118,232.5,17.44357143
RDP,2017,3,581646,205.67,44.67225806
RDP,2017,4,306548,50,24.329
RDP,2017,5,377296,82.2,28.97806452
RDP,2017,6,183588,50.5,14.57066667
RDP,2017,7,79273,14.2,6.087741935
RDP,2017,8,127125,4932.05,9.764193548
RDP,2017,9,136364,171.2,10.82266667
RDP,2017,10,399732,548.64,30.70064516
RDP,2017,11,567947,500.02,45.07533333
RDP,2017,12,890488,461.86,68.39451613
RDP,2018,1,586674,215.9,45.06
RDP,2018,2,345829,106,29.40678571
RDP,2018,3,277103,304,21.28322581
RDP,2018,4,670410,580.44,53.208
RDP,2018,5,941395,664.59,72.30451613
RDP,2018,6,393860,49.4,31.258
RDP,2018,7,315461,138.11,24.22903226
RDP,2018,8,116135,19.1,8.918709677
RDP,2018,9,229832,381.47,18.241
RDP,2018,10,885659,792.8,68.02290323
RDP,2018,11,1001668,410.43,79.49733333
RDP,2018,12,817814,140.61,62.81290323
RDP,2019,1,457726,84.02,35.15645161
RDP,2019,2,425401,267.6,36.17321429
RDP,2019,3,186632,30.15,14.33419355
RDP,2019,4,196827,129.5,15.62133333
RDP,2019,5,167413,45.3,12.85870968
RDP,2019,6,108885,50.1,8.641333333
RDP,2019,7,111863,139.8,8.591935484
RDP,2019,8,43444,66.8,3.336129032
RDP,2019,9,245555,270.7,19.48833333
RDP,2019,10,844910,465.72,64.89354839
RDP,2019,11,928915,453.5,73.72266667
RDP,2019,12,1060536,546.99,81.45419355
RDP,2020,1,815885,115.69,62.66387097
RDP,2020,2,392964,106,32.26310345
RDP,2020,3,184470,0,14.1683871
RDP,2020,4,249922,92.7,19.83433333
RDP,2020,5,439059,305.7,33.72258065
RDP,2020,6,170522,15.7,13.53366667
RDP,2020,7,230815,82.7,17.72709677
RDP,2020,8,75825,158.87,5.824193548
RDP,2020,9,189200,255.5,15.01633333
RDP,2020,10,43234,45.3,3.320645161
RDP,2020,11,511880,493.4,40.62533333
RDP,2020,12,387290,383.85,29.74645161
RDP,2021,1,750326,292.1,57.62870968
RDP,2021,2,396145,135.4,33.68535714
RDP,2021,3,405432,44.3,31.13935484
RDP,2021,4,497561,43.3,39.48933333
RDP,2021,5,637887,107.2,48.99193548
RDP,2021,6,274332,28.4,21.77266667
RDP,2021,7,277946,32.51,21.3483871
RDP,2021,8,250894,130.7,19.26935484
RDP,2021,9,277460,20.5,22.02066667
RDP,2021,10,587852,130.54,45.15
RDP,2021,11,946531,552.5,75.12133333
RDP,2021,12,958578,374.4,73.62290323
RDP,2022,1,676475,182.4,51.95677419
RDP,2022,2,381026,141.2,32.40035714
RDP,2022,3,337157,141.8,25.89548387
RDP,2022,4,812329,491,64.47033333
RDP,2022,5,449740,145.87,34.54225806
RDP,2022,6,275421,27.9,21.859
RDP,2022,7,367895,211.1,28.25580645
RDP,2022,8,418692,194.5,32.15709677
RDP,2022,9,381422,135.7,30.272
RDP,2022,10,559457,352.3,42.96870968
RDP,2022,11,873245,174.2,69.30566667
RDP,2022,12,787588,85.6,60.4916129
RDP,2023,1,566705,102.2,43.52612903
RDP,2023,2,482059,63,40.99214286
RDP,2023,3,516824,43.7,39.69419355
RDP,2023,4,402872,44,31.97366667
RDP,2023,5,614352,32.2,47.18548387
RDP,2023,6,350182,22,27.79166667
RDP,2023,7,131104,7.5,10.06967742
RDP,2023,8,139335,85.5,10.7016129
RDP,2023,9,226726,130,17.99366667
RDP,2023,10,880459,601,67.62322581
RDP,2023,11,1085636,407.25,86.161
RDP,2023,12,1017890,424.65,78.17870968
RDP,2024,1,1029565,280.8,79.07580645
RDP,2024,2,846847,55,69.52724138
RDP,2024,3,453981,34,34.86806452
RDP,2024,4,421679,80.55,33.467
RDP,2024,5,546656,260.5,41.98612903
RDP,2024,6,301782,18.5,23.95133333
RDP,2024,7,186537,29,14.32741935
RDP,2024,8,263565,68.7,20.24387097
RDP,2024,9,58844,20.3,4.67
RDP,2024,10,348184,263.21,26.74290323
RDP,2024,11,1024625,288.6,81.32066667
RDP,2024,12,1015298,52,77.97903226
RDP,2025,1,1062018,320,81.56741935
RDP,2025,2,797914,162.5,67.85
RDP,2025,3,1030380,144.52,79.13903226
RDP,2025,4,1034374,273.25,82.09333333
RDP,2025,5,1038430,82.2,79.75612903
RDP,2025,6,523638,20,41.55866667
RDP,2025,7,249558,9,19.16677419
RDP,2025,8,189228,36.2,14.53290323
RDP,2025,9,62584,13,4.966666667
RDP,2025,10,473224,248.2,36.34516129
RDP,2025,11,427710,505.93,33.94533333
RDP,2025,12,719258,306.58,55.24290323
RDP,2026,1,901928,259.55,69.27290323
RDP,2026,2,707620,235,60.17178571
RDP,2026,3,477286,72.05,36.65870968
RDP,2026,4,456866,184.29,36.25933333
RDP,2026,5,589556,82.2,45.28032258
RDP,2026,6,277962,29.72,22.06
RDP,2026,7,82324,0.12,6.322903226
RDP,2026,8,86642,22.18,6.65483871
RDP,2026,9,220568,59.24,26.2575
UDW,2018,1,40820,37.2,30.37
UDW,2018,2,185910,40.9,19.76107143
UDW,2018,3,232870,40.2,22.35741935
UDW,2018,4,401820,88.03,39.86333333
UDW,2018,5,550500,0,52.8516129
UDW,2018,6,186230,0,18.475
UDW,2018,7,151490,107.06,14.54419355
UDW,2018,8,56460,12.8,5.42
UDW,2018,9,156660,163.6,15.541
UDW,2018,10,594900,527.8,57.11548387
UDW,2018,11,678300,608.03,67.29166667
UDW,2018,12,553900,250.41,53.17774194
UDW,2019,1,293500,180.52,28.17741935
UDW,2019,2,267600,334.1,28.44357143
UDW,2019,3,78400,44.55,7.527096774
UDW,2019,4,77300,216.7,7.668666667
UDW,2019,5,62300,61.9,5.981935484
UDW,2019,6,40100,25.5,3.978333333
UDW,2019,7,48100,240.4,4.618064516
UDW,2019,8,42900,121.8,4.118709677
UDW,2019,9,172200,431.7,17.08266667
UDW,2019,10,569500,774.52,54.67516129
UDW,2019,11,597800,643.4,59.306
UDW,2019,12,721407,1012.54,69.25903226
UDW,2020,1,528081,191.79,50.69967742
UDW,2020,2,228522,174.9,23.45275862
UDW,2020,3,72101,28.7,6.922258065
UDW,2020,4,127118,174.8,12.61
UDW,2020,5,275100,388.29,26.4116129
UDW,2020,6,60413,211.9,5.993666667
UDW,2020,7,91320,199.09,8.767419355
UDW,2020,8,23920,241.9,2.296451613
UDW,2020,9,116542,246.3,11.56266667
UDW,2020,10,20276,56.11,1.946451613
UDW,2020,11,290736,618.02,28.843
UDW,2020,12,194328,390.5,18.65645161
UDW,2021,1,486089,398.7,46.66774194
UDW,2021,2,246721,220.2,26.22428571
UDW,2021,3,207776,181.1,19.94806452
UDW,2021,4,264250,124.9,26.21566667
UDW,2021,5,403422,304.05,38.73193548
UDW,2021,6,103657,123.3,10.28333333
UDW,2021,7,100823,103.3,9.679677419
UDW,2021,8,108901,256.2,10.45548387
UDW,2021,9,154536,145,15.33166667
UDW,2021,10,356564,474.9,34.23225806
UDW,2021,11,576403,606.2,57.18333333
UDW,2021,12,600699,271.8,57.67096774
UDW,2022,1,401994,208.6,38.59387097
UDW,2022,2,201667,117.7,21.43571429
UDW,2022,3,139020,76.2,13.34709677
UDW,2022,4,471660,452.1,46.79166667
UDW,2022,5,229470,86.9,22.03129032
UDW,2022,6,116556,54.8,11.56366667
UDW,2022,7,152921,173.4,14.68193548
UDW,2022,8,203186,190.7,19.50709677
UDW,2022,9,168750,118.5,16.74233333
UDW,2022,10,293355,319.26,28.16419355
UDW,2022,11,563509,547.9,55.90366667
UDW,2022,12,467470,245.98,44.87903226
UDW,2023,1,360877,280.4,34.64677419
UDW,2023,2,294180,262.5,31.26928571
UDW,2023,3,310024,197,29.76516129
UDW,2023,4,220645,259.8,21.89
UDW,2023,5,365075,186.55,35.04967742
UDW,2023,6,153061,41.22,15.184
UDW,2023,7,8887,7.8,0.853548387
UDW,2023,8,50657,166.1,4.864193548
UDW,2023,9,109148,181.3,10.828
UDW,2023,10,507249,933.3,48.69935484
UDW,2023,11,645368,934.15,64.024
UDW,2023,12,661281,907.3,63.48677419
UDW,2024,1,653523,568.8,62.74193548
UDW,2024,2,534343,138,54.83758621
UDW,2024,3,277948,42,26.68483871
UDW,2024,4,215453,119.2,21.374
UDW,2024,5,333528,429.5,32.02064516
UDW,2024,6,90680,27,8.996333333
UDW,2024,7,38659,38,3.711935484
UDW,2024,8,101829,127.2,9.776451613
UDW,2024,9,26821,48.3,2.661
UDW,2024,10,152781,326.4,14.66741935
UDW,2024,11,564137,928.6,55.96666667
UDW,2024,12,622315,27.6,59.74516129
UDW,2025,1,666982,381.22,64.03387097
UDW,2025,2,509677,184,54.175
UDW,2025,3,660497,204.2,63.41096774
UDW,2025,4,644900,406,63.97933333
UDW,2025,5,628164,26,60.30741935
UDW,2025,6,297442,4,29.50833333
UDW,2025,7,57941,0,5.562903226
UDW,2025,8,70643,31,6.782580645
UDW,2025,9,41532,52.2,4.120333333
UDW,2025,10,300255,228.7,28.82741935
UDW,2025,11,216076,401.9,21.43566667
UDW,2025,12,172066,37.2,16.51967742
UDW,2026,1,573850,80,55.09322581
UDW,2026,2,499359,258.7,53.07857143
UDW,2026,3,320337,0,30.75451613
UDW,2026,4,291456,11.4,28.915
UDW,2026,5,431284,184.2,41.40548387
UDW,2026,6,127600,38.2,12.65966667
UDW,2026,7,27356,0.4,2.626129032
UDW,2026,8,53626,3,5.148709677
UDW,2026,9,0,0,0
VBL,2024,12,955000,0,97.17076923
VBL,2025,1,2202920,0,93.99709677
VBL,2025,2,1994040,0,94.20035714
VBL,2025,3,2279460,0,97.26387097
VBL,2025,4,1090724,0,48.092
VBL,2025,5,2219256,0,94.69483871
VBL,2025,6,2138160,0,94.27533333
VBL,2025,7,2290800,0,97.74774194
VBL,2025,8,2214000,0,94.47096774
VBL,2025,9,2159360,0,95.20966667
VBL,2025,10,2112136,0,90.12322581
VBL,2025,11,1943712,0,85.70233333
VBL,2025,12,1707632,0,90.3508
WMB,2013,4,103834,40,25.60076923
WMB,2013,5,518750,472.2,53.63419355
WMB,2013,6,740804,405.1,79.146
WMB,2013,7,609696,212.7,63.03741935
WMB,2013,8,332079,167.3,34.33419355
WMB,2013,9,574388,277.4,61.36666667
WMB,2013,10,361941,216.1,37.4216129
WMB,2013,11,630734,414,67.386
WMB,2013,12,448993,117.2,46.42193548
WMB,2014,1,261555,167.8,27.04225806
WMB,2014,2,103085,51.3,11.79964286
WMB,2014,3,134410,109.6,13.89677419
WMB,2014,4,248567,191.02,26.55566667
WMB,2014,5,348034,267.9,35.98419355
WMB,2014,6,576557,539.55,61.59866667
WMB,2014,7,402479,155.4,41.61258065
WMB,2014,8,624233,335.4,64.54032258
WMB,2014,9,551270,347.7,58.897
WMB,2014,10,754281,491.6,77.98645161
WMB,2014,11,607357,212,64.88833333
WMB,2014,12,682353,266.14,70.54967742
WMB,2015,1,275634,134.2,28.49774194
WMB,2015,2,321948,107.9,36.8525
WMB,2015,3,157616,78.3,16.29612903
WMB,2015,4,557875,322.18,59.60266667
WMB,2015,5,471252,238.3,48.72322581
WMB,2015,6,309145,208.2,33.02833333
WMB,2015,7,501771,217.4,51.87903226
WMB,2015,8,501042,252.78,51.80354839
WMB,2015,9,623791,295.55,66.64466667
WMB,2015,10,716382,353.44,74.06741935
WMB,2015,11,721588,309.1,77.09233333
WMB,2015,12,507325,210.34,52.45322581
WMB,2016,1,268135,62.7,27.72225806
WMB,2016,2,119930,85.3,13.25482759
WMB,2016,3,100827,75.1,10.42419355
WMB,2016,4,280713,147.2,29.99066667
WMB,2016,5,658343,565.3,68.06709677
WMB,2016,6,571974,131,61.10866667
WMB,2016,7,203562,147.3,21.04709677
WMB,2016,8,174117,130.4,18.0016129
WMB,2016,9,143682,93.4,15.351
WMB,2016,10,153475,100.8,15.86806452
WMB,2016,11,572815,327.9,61.198
WMB,2016,12,216668,80.2,22.40064516
WMB,2017,1,120175,188.3,12.42516129
WMB,2017,2,58200,58.2,6.663214286
WMB,2017,3,212969,526.9,22.01903226
WMB,2017,4,192308,178.3,20.54666667
WMB,2017,5,229124,1305.3,23.69032258
WMB,2017,6,521530,395.7,55.71833333
WMB,2017,7,257793,328.5,26.65387097
WMB,2017,8,553993,494.5,57.27870968
WMB,2017,9,699423,888.01,74.72466667
WMB,2017,10,742248,881.64,76.74225806
WMB,2017,11,612845,633.8,65.47533333
WMB,2017,12,721762,487.94,74.62354839
WMB,2018,1,184177,88.6,19.04129032
WMB,2018,2,115764,260.3,13.25107143
WMB,2018,3,183238,253.3,18.94580645
WMB,2018,4,370627,669.3,39.59633333
WMB,2018,5,608245,919.8,62.88677419
WMB,2018,6,812604,770.89,86.81733333
WMB,2018,7,401221,279.3,41.48258065
WMB,2018,8,516787,374.2,53.43096774
WMB,2018,9,242146,316.4,25.87066667
WMB,2018,10,758026,565.5,78.37354839
WMB,2018,11,551732,359.3,58.94533333
WMB,2018,12,282559,75.7,29.21451613
WMB,2019,1,118808,112.8,12.28387097
WMB,2019,2,178509,401,20.43428571
WMB,2019,3,162779,128.1,16.83032258
WMB,2019,4,256673,499.5,27.42266667
WMB,2019,5,161615,173,16.71
WMB,2019,6,430529,612.3,45.99633333
WMB,2019,7,264857,312.9,27.38419355
WMB,2019,8,574372,867.8,59.38451613
WMB,2019,9,716936,1039.5,76.59566667
WMB,2019,10,847258,772,87.59903226
WMB,2019,11,581726,319.82,62.15
WMB,2019,12,445198,309.6,46.03
WMB,2020,1,123373,54.3,12.75612903
WMB,2020,2,59739,69.5,6.601724138
WMB,2020,3,82238,104.8,8.502903226
WMB,2020,4,291430,454.2,31.13533333
WMB,2020,5,586344,1360,60.62290323
WMB,2020,6,547682,354,58.51366667
WMB,2020,7,518710,388.5,53.63064516
WMB,2020,8,412839,165.1,42.68483871
WMB,2020,9,660681,597.3,70.58566667
WMB,2020,10,528125,288.1,54.60387097
WMB,2020,11,671605,680.3,71.75333333
WMB,2020,12,451057,267.7,46.63548387
WMB,2021,1,449456,258.9,46.46935484
WMB,2021,2,212120,127.4,24.28178571
WMB,2021,3,172016,343.9,17.78451613
WMB,2021,4,370718,393.27,39.60633333
WMB,2021,5,732726,809.41,75.75677419
WMB,2021,6,669346,622.86,71.51166667
WMB,2021,7,584496,570.34,60.43225806
WMB,2021,8,552982,396.6,57.17354839
WMB,2021,9,656100,543.4,70.09666667
WMB,2021,10,776132,648.7,80.24483871
WMB,2021,11,837348,777.7,89.45966667
WMB,2021,12,621252,466.1,64.23258065
WMB,2022,1,389254,290.3,40.24483871
WMB,2022,2,212220,246.2,24.29285714
WMB,2022,3,187122,365.8,19.34774194
WMB,2022,4,609944,498.3,65.16433333
WMB,2022,5,704622,1489.2,72.8516129
WMB,2022,6,664114,395.6,70.952
WMB,2022,7,472524,566.7,48.85451613
WMB,2022,8,569971,664.7,58.93
WMB,2022,9,517797,433,55.32
WMB,2022,10,761184,1152.9,78.69967742
WMB,2022,11,654552,385.6,69.93133333
WMB,2022,12,422850,315.2,43.71903226
WMB,2023,1,246520,334.2,25.48806452
WMB,2023,2,191636,373.1,21.93678571
WMB,2023,3,334856,464.9,34.62129032
WMB,2023,4,308420,304.7,32.95166667
WMB,2023,5,524169,471.8,54.19451613
WMB,2023,6,635005,1050,67.84166667
WMB,2023,7,406666,433.4,42.04548387
WMB,2023,8,103240,187.4,10.67387097
WMB,2023,9,763488,1067.9,81.569
WMB,2023,10,873642,823.8,90.32645161
WMB,2023,11,817770,744,87.36933333
WMB,2023,12,696342,740.9,71.99612903
WMB,2024,1,444366,476.5,45.94419355
WMB,2024,2,173406,60.3,19.16551724
WMB,2024,3,98242,317.6,10.15741935
WMB,2024,4,250392,387.2,26.75166667
WMB,2024,5,485982,1022.8,50.24645161
WMB,2024,6,693958,979.92,74.14066667
WMB,2024,7,561476,417.9,58.05064516
WMB,2024,8,562972,817.3,58.20612903
WMB,2024,9,737738,1760.25,78.81766667
WMB,2024,10,663320,655.4,68.58129032
WMB,2024,11,800608,530.2,85.53533333
WMB,2024,12,427104,333,44.1583871
WMB,2025,1,362888,161.2,37.51967742
WMB,2025,2,72211,114.5,8.266071429
WMB,2025,3,287721,406.5,29.74774194
WMB,2025,4,494682,432.7,52.851
WMB,2025,5,572238,912.9,59.16548387
WMB,2025,6,641311,526.6,68.517
WMB,2025,7,358379,219.3,37.05225806
WMB,2025,8,206406,112.6,21.34096774
WMB,2025,9,286449,220.4,30.604
WMB,2025,10,432433,255.2,44.71032258
WMB,2025,11,501132,409,53.54033333
WMB,2025,12,515952,236.6,53.34548387
WMB,2026,1,138381,49.7,14.30774194
WMB,2026,2,221592,279.7,25.36535714
WMB,2026,3,120021,118.3,12.40935484
WMB,2026,4,336263,544.12,35.92633333
WMB,2026,5,729024,1415.4,75.37419355
WMB,2026,6,740468,972.6,79.10966667
WMB,2026,7,295888,293.9,30.59258065
WMB,2026,8,774901,877.8,80.11741935
WMB,2026,9,270279,344.5,43.3145
