Site,Year,Month,Month_Name,Forecast_Generation_kWh,Average_Daily_Generation_kWh,Maximum_Daily_Generation_kWh,Minimum_Daily_Generation_kWh,Forecast_Rainfall_mm,Average_Daily_Rainfall_mm
BBO,2026,9,September,322425.33203125,32242.533203125,45353.1640625,26825.646484375,120.0,12.0
BBO,2026,10,October,1594329.72265625,51429.99105342742,62397.6640625,35003.484375,697.5,22.5
BBO,2026,11,November,1523685.48828125,50789.516276041664,56017.55078125,49493.8046875,600.0,20.0
BBO,2026,12,December,1128745.552734375,36411.1468623992,50525.8203125,27232.24609375,182.9,5.9
BBO,2027,1,January,327136.07275390625,10552.776540448589,23381.82421875,5550.43896484375,0.0,0.0
BBO,2027,2,February,169848.78466796875,6066.028023856027,6353.05322265625,5863.66064453125,0.0,0.0
BBO,2027,3,March,256683.66259765625,8280.118148311492,9269.060546875,6411.72705078125,93.0,3.0
BBO,2027,4,April,538782.3955078125,17959.41318359375,22244.294921875,11117.3369140625,400.5,13.35
BBO,2027,5,May,1255741.142578125,40507.77879284274,47537.51953125,24939.32421875,589.0,19.0
BBO,2027,6,June,1041771.13671875,34725.70455729167,44352.0859375,31148.62890625,450.0,15.0
BBO,2027,7,July,504695.857421875,16280.511529737903,27826.95703125,9971.4765625,217.0,7.0
BBO,2027,8,August,445089.29296875,14357.719128024193,17951.0078125,11531.9873046875,263.5,8.5
BBO,2027,9,September,380228.662109375,19011.43310546875,20009.681640625,17377.6640625,240.0,12.0
BKN,2026,9,September,1525467.015625,152546.7015625,159453.6875,146487.84375,0.0,0.0
BKN,2026,10,October,4749725.171875,153216.94102822582,160241.5,143322.3125,0.0,0.0
BKN,2026,11,November,4615609.8125,153853.66041666668,160419.28125,146973.96875,0.0,0.0
BKN,2026,12,December,4736096.40625,152777.30342741936,158515.78125,146303.453125,0.0,0.0
BKN,2027,1,January,4750985.984375,153257.61239919355,159476.09375,148136.6875,0.0,0.0
BKN,2027,2,February,4119866.046875,147138.07310267858,154471.671875,135461.34375,0.0,0.0
BKN,2027,3,March,4611708.75,148764.7983870968,158116.640625,134224.109375,0.0,0.0
BKN,2027,4,April,4328676.859375,144289.22864583333,155428.125,135682.640625,0.0,0.0
BKN,2027,5,May,4663206.03125,150426.00100806452,157955.09375,133483.234375,0.0,0.0
BKN,2027,6,June,4327163.6640625,144238.78880208332,158622.6875,115324.140625,0.0,0.0
BKN,2027,7,July,4552851.59375,146866.1804435484,159172.59375,132061.265625,0.0,0.0
BKN,2027,8,August,4718495.4375,152209.53024193548,157386.71875,145840.6875,0.0,0.0
BKN,2027,9,September,3071920.265625,153596.01328125,160682.21875,149802.53125,0.0,0.0
BTO,2026,9,September,593280.9296875,45636.994591346156,49762.7734375,42665.8984375,104.0,8.0
BTO,2026,10,October,1347807.02734375,43477.64604334677,46308.6796875,40094.06640625,310.0,10.0
BTO,2026,11,November,979192.193359375,32639.739778645835,40558.12109375,30283.19140625,112.5,3.75
BTO,2026,12,December,469614.77734375,15148.863785282258,31519.11328125,9872.4296875,0.0,0.0
BTO,2027,1,January,511693.7822265625,16506.251039566534,18768.701171875,13675.484375,0.0,0.0
BTO,2027,2,February,593526.22265625,21197.365094866072,22882.455078125,18812.3984375,0.0,0.0
BTO,2027,3,March,744867.07421875,24027.97013608871,28034.294921875,21380.83203125,0.0,0.0
BTO,2027,4,April,933994.283203125,31133.1427734375,36401.77734375,26287.796875,187.5,6.25
BTO,2027,5,May,1310987.3203125,42289.91355846774,46496.98046875,34942.09375,403.0,13.0
BTO,2027,6,June,1396176.0390625,46539.20130208333,47588.7421875,44460.56640625,240.0,8.0
BTO,2027,7,July,897690.65234375,28957.762978830644,43801.50390625,20545.79296875,0.0,0.0
BTO,2027,8,August,1063071.603515625,34292.63237147177,37211.92578125,32051.970703125,124.0,4.0
BTO,2027,9,September,625720.50390625,36807.08846507353,37563.8203125,34753.40625,136.0,8.0
EME,2026,9,September,258479.591796875,25847.9591796875,32176.673828125,23784.185546875,40.0,4.0
EME,2026,10,October,788425.931640625,25433.09456905242,27527.806640625,23407.34765625,124.0,4.0
EME,2026,11,November,1001380.09765625,33379.336588541664,36337.51953125,27206.95703125,180.0,6.0
EME,2026,12,December,635258.4658203125,20492.20857484879,31466.837890625,14518.640625,0.0,0.0
EME,2027,1,January,238675.8953857422,7699.222431798135,16861.39453125,0.0,0.0,0.0
EME,2027,2,February,10629.467958450317,379.62385565893993,2091.408447265625,0.0,0.0,0.0
EME,2027,3,March,86504.29479980469,2790.4611225743447,7257.64501953125,1299.4619140625,0.0,0.0
EME,2027,4,April,247971.18603515625,8265.706201171875,9303.95703125,7003.7578125,30.0,1.0
EME,2027,5,May,502564.2802734375,16211.7509765625,18867.23046875,9634.6884765625,155.0,5.0
EME,2027,6,June,503384.36328125,16779.478776041666,17389.021484375,16247.03125,120.0,4.0
EME,2027,7,July,336449.9140625,10853.223034274193,15897.4052734375,8742.546875,0.0,0.0
EME,2027,8,August,460796.43359375,14864.401083669354,17151.9140625,8608.767578125,62.0,2.0
EME,2027,9,September,333710.8837890625,16685.544189453125,17472.330078125,15732.10546875,80.0,4.0
GNT,2026,9,September,122170.546875,12217.0546875,18817.017578125,9438.060546875,80.0,8.0
GNT,2026,10,October,432380.9189453125,13947.77157888105,17904.22265625,9291.822265625,424.7,13.7
GNT,2026,11,November,363486.2822265625,12116.209407552084,16965.71875,8976.0859375,294.0,9.8
GNT,2026,12,December,183497.55737304688,5919.276044291834,9054.9228515625,2601.732666015625,6.2,0.2
GNT,2027,1,January,78686.705078125,2538.280808971774,3010.656494140625,2167.641845703125,0.0,0.0
GNT,2027,2,February,27585.89877319336,985.2106704711914,2189.81005859375,268.6983947753906,0.0,0.0
GNT,2027,3,March,2312.3826622366905,74.59298910440937,277.1060485839844,0.0,0.0,0.0
GNT,2027,4,April,138634.7937927246,4621.15979309082,6328.1591796875,477.4928894042969,85.5,2.85
GNT,2027,5,May,167110.31884765625,5390.655446698589,6404.0908203125,4678.88427734375,310.0,10.0
GNT,2027,6,June,250548.97021484375,8351.632340494793,10291.3330078125,6293.12060546875,207.0,6.9
GNT,2027,7,July,223393.9482421875,7206.256394909275,9947.0615234375,5864.7021484375,32.550000000000004,1.05
GNT,2027,8,August,278824.1337890625,8994.326896421371,10100.5791015625,6759.27783203125,142.6,4.6
GNT,2027,9,September,198640.8115234375,9932.040576171876,11758.1484375,8651.0498046875,160.0,8.0
HRN,2026,9,September,86398.17822265625,8639.817822265624,10708.4755859375,6325.91357421875,0.0,0.0
HRN,2026,10,October,276316.88525390625,8913.447911416331,11657.7021484375,5362.5078125,0.0,0.0
HRN,2026,11,November,255367.81494140625,8512.260498046875,11178.38671875,4702.31005859375,0.0,0.0
HRN,2026,12,December,276532.521484375,8920.403918850807,11016.3876953125,6586.107421875,0.0,0.0
HRN,2027,1,January,262490.2744140625,8467.428206905242,10993.578125,6087.46630859375,0.0,0.0
HRN,2027,2,February,315534.87109375,11269.1025390625,12582.49609375,9957.625,0.0,0.0
HRN,2027,3,March,358444.013671875,11562.710118447581,13054.1103515625,8599.2236328125,0.0,0.0
HRN,2027,4,April,335524.0380859375,11184.134602864584,13195.595703125,9754.474609375,0.0,0.0
HRN,2027,5,May,259870.01953125,8382.903855846775,12003.490234375,6010.50390625,0.0,0.0
HRN,2027,6,June,286122.63818359375,9537.421272786458,11283.2041015625,7784.31689453125,0.0,0.0
HRN,2027,7,July,276481.19921875,8918.748361895161,10722.826171875,6758.8828125,0.0,0.0
HRN,2027,8,August,296899.0263671875,9577.387947328629,11846.2158203125,6468.34375,0.0,0.0
HRN,2027,9,September,180515.66552734375,9025.783276367187,12628.341796875,6353.34423828125,0.0,0.0
LKM,2026,9,September,459974.234375,45997.4234375,48222.15234375,43930.8203125,40.0,4.0
LKM,2026,10,October,2132157.37890625,68779.2702872984,72965.375,60077.75,242.10999999999999,7.81
LKM,2026,11,November,2029986.9140625,67666.23046875,69704.2890625,66731.8515625,162.0,5.4
LKM,2026,12,December,1624471.3359375,52402.3011592742,66397.75,40674.53125,62.0,2.0
LKM,2027,1,January,696522.9384765625,22468.481886340727,37224.5390625,14273.681640625,0.0,0.0
LKM,2027,2,February,333932.380859375,11926.156459263393,14438.28515625,8878.728515625,0.0,0.0
LKM,2027,3,March,235088.4365234375,7583.497952368952,8519.580078125,6837.3896484375,0.0,0.0
LKM,2027,4,April,283880.6953125,9462.68984375,10534.607421875,7798.1904296875,30.0,1.0
LKM,2027,5,May,374382.154296875,12076.843686995968,16450.478515625,8673.52734375,186.0,6.0
LKM,2027,6,June,446832.8203125,14894.42734375,20556.654296875,11548.5791015625,150.0,5.0
LKM,2027,7,July,543974.4873046875,17547.564106602822,23969.0546875,11977.064453125,86.8,2.8
LKM,2027,8,August,481785.2646484375,15541.460149949597,17797.2734375,14640.7431640625,62.0,2.0
LKM,2027,9,September,306890.9912109375,15344.549560546875,16696.751953125,13957.35546875,80.0,4.0
MGT,2026,9,September,305694.10546875,30569.410546875,33464.4140625,26305.38671875,80.0,8.0
MGT,2026,10,October,1032929.748046875,33320.314453125,39919.5078125,30715.724609375,310.0,10.0
MGT,2026,11,November,953652.455078125,31788.415169270833,34063.02734375,26770.9140625,300.0,10.0
MGT,2026,12,December,526346.6259765625,16978.92341859879,27167.046875,8534.529296875,31.0,1.0
MGT,2027,1,January,123770.69311523438,3992.6030037172377,7215.1513671875,3140.23095703125,0.0,0.0
MGT,2027,2,February,94790.42724609375,3385.372401646205,3619.541748046875,3157.64501953125,0.0,0.0
MGT,2027,3,March,147473.16552734375,4757.1988879788305,7175.01220703125,3766.52587890625,3.1,0.1
MGT,2027,4,April,746761.72265625,24892.057421875,28613.265625,7452.13671875,90.0,3.0
MGT,2027,5,May,1239598.087890625,39987.03509324597,45882.01171875,31565.462890625,372.0,12.0
MGT,2027,6,June,816307.974609375,27210.2658203125,40264.99609375,17306.765625,195.0,6.5
MGT,2027,7,July,539036.6064453125,17388.277627268144,18873.041015625,15589.4853515625,77.5,2.5
MGT,2027,8,August,566545.552734375,18275.66299143145,19290.5546875,17207.3984375,80.60000000000001,2.6
MGT,2027,9,September,494029.25390625,24701.4626953125,27812.353515625,21143.625,160.0,8.0
MVB,2026,9,September,1339008.390625,89267.22604166667,107027.46875,68006.84375,0.0,0.0
MVB,2026,10,October,2918556.4453125,94146.98210685483,141189.015625,68501.890625,0.0,0.0
MVB,2026,11,November,3624854.8359375,120828.49453125,131208.015625,101325.4296875,0.0,0.0
MVB,2026,12,December,2412654.53125,77827.56552419355,98225.3671875,66693.953125,0.0,0.0
MVB,2027,1,January,1914691.2265625,61764.233114919356,74318.9140625,51261.27734375,0.0,0.0
MVB,2027,2,February,2021686.5390625,72203.09068080357,80505.3984375,48240.84765625,0.0,0.0
MVB,2027,3,March,1929015.5625,62226.30846774193,86057.7109375,48785.15625,0.0,0.0
MVB,2027,4,April,2267020.8125,75567.36041666666,82556.3828125,68701.8203125,0.0,0.0
MVB,2027,5,May,2302674.578125,74279.82510080645,78324.546875,68146.9765625,0.0,0.0
MVB,2027,6,June,1934842.0390625,64494.734635416666,76897.609375,35360.6015625,0.0,0.0
MVB,2027,7,July,1848610.79296875,59632.60622479839,80385.046875,33838.390625,0.0,0.0
MVB,2027,8,August,2387303.35546875,77009.78566028226,121421.0078125,48284.36328125,0.0,0.0
MVB,2027,9,September,1386059.8828125,92403.9921875,107126.9765625,71335.546875,0.0,0.0
ORIC,2026,9,September,41619.81591796875,3468.3179931640625,4571.01953125,2601.190673828125,0.0,0.0
ORIC,2026,10,October,105244.09619140625,3394.9708448840724,4022.24365234375,2928.46728515625,0.0,0.0
ORIC,2026,11,November,99493.7177734375,3316.4572591145834,3770.45166015625,3055.988525390625,0.0,0.0
ORIC,2026,12,December,105575.44189453125,3405.6594159526207,3735.378173828125,3193.37353515625,0.0,0.0
ORIC,2027,1,January,103983.9208984375,3354.3200289818546,4161.0537109375,2433.99755859375,0.0,0.0
ORIC,2027,2,February,97112.3388671875,3468.2978166852677,3954.2412109375,2936.4892578125,0.0,0.0
ORIC,2027,3,March,109377.3447265625,3528.3014427923385,3936.584716796875,2933.974609375,0.0,0.0
ORIC,2027,4,April,99413.96606445312,3313.798868815104,4369.7763671875,2320.34130859375,0.0,0.0
ORIC,2027,5,May,110417.37280273438,3561.8507355720767,4374.99267578125,2816.642333984375,0.0,0.0
ORIC,2027,6,June,116809.3876953125,3893.6462565104166,4569.41943359375,3362.231689453125,0.0,0.0
ORIC,2027,7,July,118585.0498046875,3825.324187247984,4831.68896484375,2075.8740234375,0.0,0.0
ORIC,2027,8,August,119091.3046875,3841.6549899193546,4702.57421875,2706.716796875,0.0,0.0
ORIC,2027,9,September,74973.77807617188,4165.20989312066,4517.6181640625,3543.4462890625,0.0,0.0
RDP,2026,9,September,93307.70263671875,9330.770263671875,18728.455078125,6608.1962890625,0.0,0.0
RDP,2026,10,October,788429.109375,25433.1970766129,30464.203125,10461.22265625,46.5,1.5
RDP,2026,11,November,991138.3828125,33037.94609375,35258.09765625,30785.8828125,142.5,4.75
RDP,2026,12,December,860587.23046875,27760.878402217742,34073.546875,24360.330078125,72.85000000000001,2.35
RDP,2027,1,January,451689.78515625,14570.638230846775,22764.609375,11375.82421875,0.0,0.0
RDP,2027,2,February,266812.4365234375,9529.015590122768,10658.9384765625,7839.1943359375,0.0,0.0
RDP,2027,3,March,175574.62719726562,5663.697651524698,7709.78955078125,3091.947021484375,0.0,0.0
RDP,2027,4,April,168635.2041015625,5621.173470052084,8742.28125,3027.153076171875,0.0,0.0
RDP,2027,5,May,294239.849609375,9491.608051915322,10562.5302734375,7794.919921875,0.0,0.0
RDP,2027,6,June,191892.04833984375,6396.401611328125,9720.4130859375,3025.419189453125,0.0,0.0
RDP,2027,7,July,87129.88989257812,2810.6416094380043,3814.7783203125,2560.728515625,0.0,0.0
RDP,2027,8,August,91725.103515625,2958.8743069556454,3438.066162109375,2634.09423828125,0.0,0.0
RDP,2027,9,September,56785.998046875,2839.29990234375,2943.0107421875,2747.17236328125,0.0,0.0
UDW,2026,9,September,47955.11538696289,1653.6246685159617,2443.43896484375,390.2276916503906,0.0,0.0
UDW,2026,10,October,293567.9841308594,9469.934971963206,12665.9384765625,2615.161865234375,80.60000000000001,2.6
UDW,2026,11,November,495071.341796875,16502.378059895833,17456.173828125,12994.0615234375,240.0,8.0
UDW,2026,12,December,378509.6552734375,12209.988879788307,16972.5546875,11223.9951171875,37.199999999999996,1.2
UDW,2027,1,January,199228.30224609375,6426.719427293347,11906.3017578125,4690.423828125,0.0,0.0
UDW,2027,2,February,153032.87646484375,5465.459873744419,6648.4501953125,4702.18896484375,0.0,0.0
UDW,2027,3,March,116963.00732421875,3773.0002362651207,5339.72802734375,2132.278076171875,0.0,0.0
UDW,2027,4,April,69142.04284667969,2304.7347615559897,2931.467529296875,1021.11767578125,0.0,0.0
UDW,2027,5,May,85542.54125976562,2759.436814831149,3083.173828125,2423.54931640625,0.0,0.0
UDW,2027,6,June,72689.84497070312,2422.994832356771,3953.91845703125,805.861083984375,0.0,0.0
UDW,2027,7,July,85606.49536132812,2761.4998503654233,3474.1181640625,1399.4742431640625,0.0,0.0
UDW,2027,8,August,101866.22778320312,3286.0073478452623,3463.54443359375,3131.61474609375,0.0,0.0
UDW,2027,9,September,3188.88427734375,3188.88427734375,3188.88427734375,3188.88427734375,0.0,0.0
VBL,2025,12,December,413924.8671875,68987.47786458333,72163.0703125,65777.3359375,0.0,0.0
VBL,2026,1,January,2212611.5546875,71374.56628024194,73969.421875,65746.734375,0.0,0.0
VBL,2026,2,February,2002763.3671875,71527.26311383929,75134.7109375,66005.84375,0.0,0.0
VBL,2026,3,March,2098037.5625,67678.63104838709,74777.921875,53239.72265625,0.0,0.0
VBL,2026,4,April,1785243.7890625,59508.126302083336,69268.6328125,42665.26171875,0.0,0.0
VBL,2026,5,May,2158061.296875,69614.88054435483,72902.328125,66150.5859375,0.0,0.0
VBL,2026,6,June,2143952.890625,71465.09635416667,74488.296875,64265.7890625,0.0,0.0
VBL,2026,7,July,2216010.6640625,71484.21496975806,74680.9140625,67309.5546875,0.0,0.0
VBL,2026,8,August,2216874.26171875,71512.07295866935,75686.1953125,65377.12109375,0.0,0.0
VBL,2026,9,September,2109068.328125,70302.27760416667,74886.4296875,59023.82421875,0.0,0.0
VBL,2026,10,October,2218252.08203125,71556.5187752016,73967.0,64636.36328125,0.0,0.0
VBL,2026,11,November,2135935.1640625,71197.83880208334,73963.28125,58162.421875,0.0,0.0
VBL,2026,12,December,1775429.8359375,71017.1934375,73919.421875,65884.125,0.0,0.0
WMB,2026,9,September,230320.259765625,23032.0259765625,26269.21484375,20401.345703125,88.0,8.8
WMB,2026,10,October,676826.8828125,21833.12525201613,23226.68359375,21338.46484375,294.5,9.5
WMB,2026,11,November,654818.984375,21827.299479166668,22326.37890625,21415.296875,225.0,7.5
WMB,2026,12,December,413323.6171875,13333.019909274193,22300.61328125,6051.68798828125,46.5,1.5
WMB,2027,1,January,122987.82592773438,3967.3492234753026,6697.59423828125,1737.919921875,0.0,0.0
WMB,2027,2,February,40990.24499511719,1463.9373212541852,1739.9326171875,1208.4273681640625,0.0,0.0
WMB,2027,3,March,57583.33056640625,1857.5267924647178,3485.038330078125,1286.4769287109375,6.2,0.2
WMB,2027,4,April,423934.56640625,14131.152213541667,16402.75,4848.0556640625,192.0,6.4
WMB,2027,5,May,461285.4794921875,14880.1767578125,17075.859375,12724.7607421875,337.90000000000003,10.9
WMB,2027,6,June,325963.4580078125,10865.448600260417,12729.6630859375,9899.611328125,337.5,11.25
WMB,2027,7,July,334615.0,10794.032258064517,11358.10546875,10359.2958984375,161.2,5.199999999999999
WMB,2027,8,August,321529.2529296875,10371.911384828629,10660.9833984375,10233.2978515625,148.79999999999998,4.8
WMB,2027,9,September,315786.826171875,15789.34130859375,22262.296875,10799.4287109375,176.0,8.8
